"source_type","record_id","title","category","publish_date","url","document_url","venue","location","content"
"document","doc-223960","IRS findings Document_2026-05-24_092113","Published document","2026-08-18","https://esterotoday.com/irs-findings-document_2026-05-24_092113/","https://esterotoday.com/wp-content/uploads/2026/08/IRS-findings-Document_2026-05-24_092113.pdf","","","IRS findings Document_2026-05-24_092113 IRS findings Document_2026-05-24_092113"
"document","doc-46253","GECR 2026 Qtr 2","Published document","2026-05-21","https://esterotoday.com/gecr-2026-qtr-2/","https://esterotoday.com/wp-content/uploads/2026/05/GECR-2026-Qtr-2.pdf","","","GECR 2026 Qtr 2 GECR 2026 Qtr 2"
"document","doc-46101","2026.05.05-Estero-River-Park-Presentation","Published document","2026-05-12","https://esterotoday.com/2026-05-05-estero-river-park-presentation/","https://esterotoday.com/wp-content/uploads/2026/05/2026.05.05-Estero-River-Park-Presentation.pdf","","","2026.05.05-Estero-River-Park-Presentation 2026.05.05-Estero-River-Park-Presentation"
"document","doc-45319","GECR 2026 QTR 1 – Urbanization of Estero","Published document","2026-03-13","https://esterotoday.com/gecr-2026-qtr-1-urbanization-of-estero/","https://esterotoday.com/wp-content/uploads/2026/03/GECR-2026-QTR-1-Urbanization-of-Estero.pdf","","","GECR 2026 QTR 1 – Urbanization of Estero GECR 2026 QTR 1 - Urbanization of Estero"
"document","doc-44981","Engage Estero 2025 Annual Report","Published document","2026-02-11","https://esterotoday.com/engage-estero-2025-annual-report/","https://esterotoday.com/wp-content/uploads/2026/02/Engage-Estero-2025-Annual-Report.pdf","","","Engage Estero 2025 Annual Report Engage Estero 2025 Annual Report"
"document","doc-44810","20260129_Engage Estero Presentation","Published document","2026-01-30","https://esterotoday.com/20260129_engage-estero-presentation/","https://esterotoday.com/wp-content/uploads/2026/01/20260129_Engage-Estero-Presentation.pdf","","","20260129_Engage Estero Presentation 20260129_Engage Estero Presentation"
"document","doc-44607","Engage Estero 2025 Summary","Published document","2026-01-08","https://esterotoday.com/engage-estero-2025-summary/","https://esterotoday.com/wp-content/uploads/2026/01/Engage-Estero-2025-Summary.pdf","","","Engage Estero 2025 Summary Engage Estero 2025 Summary"
"document","doc-44371","Presentation Dec 11th Village Update","Published document","2025-12-12","https://esterotoday.com/presentation-dec-11th-village-update/","https://esterotoday.com/wp-content/uploads/2025/12/Presentation-Dec-11th-Village-Update.pdf","","","Presentation Dec 11th Village Update Presentation Dec 11th Village Update"
"document","doc-44329","2025GECRQtr4","Published document","2025-12-10","https://esterotoday.com/2025gecrqtr4/","https://esterotoday.com/wp-content/uploads/2025/12/2025GECRQtr4.pdf","","","2025GECRQtr4 2025GECRQtr4"
"document","doc-43994","Presentation Slideshow October 28th 2025","Published document","2025-10-30","https://esterotoday.com/presentation-slideshow-october-28th-2025/","https://esterotoday.com/wp-content/uploads/2025/10/Presentation-Slideshow-October-28th-2025.pdf","","","Presentation Slideshow October 28th 2025 Presentation Slideshow October 28th 2025"
"document","doc-43582","Presentation Sept 26th 2025final JGrev(2)","Published document","2025-09-29","https://esterotoday.com/presentation-sept-26th-2025final-jgrev2/","https://esterotoday.com/wp-content/uploads/2025/09/Presentation-Sept-26th-2025final-JGrev2.pdf","","","Presentation Sept 26th 2025final JGrev(2) Presentation Sept 26th 2025final JGrev(2)"
"document","doc-43451","The Greater Estero Community Report 2025 Qtr 3","Published document","2025-09-12","https://esterotoday.com/the-greater-estero-community-report-2025-qtr-3/","https://esterotoday.com/wp-content/uploads/2025/09/The-Greater-Estero-Community-Report-2025-Qtr-3.pdf","","","The Greater Estero Community Report 2025 Qtr 3 The Greater Estero Community Report 2025 Qtr 3"
"document","doc-43209","I-75 analysis452544-1_I-75_PD&E_NSR_Draft","Published document","2025-08-13","https://esterotoday.com/i-75-analysis452544-1_i-75_pde_nsr_draft/","https://esterotoday.com/wp-content/uploads/2025/08/I-75-analysis452544-1_I-75_PDE_NSR_Draft.pdf","","","I-75 analysis452544-1_I-75_PD&E_NSR_Draft I-75 analysis452544-1_I-75_PD&E_NSR_Draft"
"document","doc-42210","hurricane 2025 Prep","Published document","2025-06-10","https://esterotoday.com/hurricane-2025-prep/","https://esterotoday.com/wp-content/uploads/2025/06/hurricane-2025-Prep.pdf","","","hurricane 2025 Prep hurricane 2025 Prep"
"document","doc-42209","How_to_Prepare_Your_HOA_for_a_Storm_Emergency","Published document","2025-06-10","https://esterotoday.com/how_to_prepare_your_hoa_for_a_storm_emergency/","https://esterotoday.com/wp-content/uploads/2025/06/How_to_Prepare_Your_HOA_for_a_Storm_Emergency.pdf","","","How_to_Prepare_Your_HOA_for_a_Storm_Emergency How_to_Prepare_Your_HOA_for_a_Storm_Emergency"
"document","doc-42198","2025GECR2","Published document","2025-06-10","https://esterotoday.com/2025gecr2-2/","https://esterotoday.com/wp-content/uploads/2025/06/2025GECR2.pdf","","","2025GECR2 2025GECR2"
"document","doc-41954","Sports Complex Presentation May 23rd 2025","Published document","2025-05-27","https://esterotoday.com/sports-complex-presentation-may-23rd-2025/","https://esterotoday.com/wp-content/uploads/2025/05/Sports-Complex-Presentation-May-23rd-2025.pdf","","","Sports Complex Presentation May 23rd 2025 Sports Complex Presentation May 23rd 2025"
"document","doc-41662","Presentation April 23rd 2025","Published document","2025-04-23","https://esterotoday.com/presentation-april-23rd-2025/","https://esterotoday.com/wp-content/uploads/2025/04/Presentation-April-23rd-2025.pdf","","","Presentation April 23rd 2025 Presentation April 23rd 2025"
"document","doc-41601","Revised Organization Chart 4.16.25","Published document","2025-04-17","https://esterotoday.com/revised-organization-chart-4-16-25-3/","https://esterotoday.com/wp-content/uploads/2025/04/Revised-Organization-Chart-4.16.25-2.pdf","","","Revised Organization Chart 4.16.25 Revised Organization Chart 4.16.25"
"document","doc-41600","Revised Organization Chart 4.16.25","Published document","2025-04-17","https://esterotoday.com/revised-organization-chart-4-16-25-2/","https://esterotoday.com/wp-content/uploads/2025/04/Revised-Organization-Chart-4.16.25-1.pdf","","","Revised Organization Chart 4.16.25 Revised Organization Chart 4.16.25"
"document","doc-41599","Revised Organization Chart 4.16.25","Published document","2025-04-17","https://esterotoday.com/revised-organization-chart-4-16-25/","https://esterotoday.com/wp-content/uploads/2025/04/Revised-Organization-Chart-4.16.25.pdf","","","Revised Organization Chart 4.16.25 Revised Organization Chart 4.16.25"
"document","doc-41441","Community Meeting Mar 26th presentation","Published document","2025-04-02","https://esterotoday.com/community-meeting-mar-26th-presentation/","https://esterotoday.com/wp-content/uploads/2025/04/Community-Meeting-Mar-26th-presentation.pdf","","","Community Meeting Mar 26th presentation Community Meeting Mar 26th presentation"
"document","doc-41392","Parkinsons Walk Flyer (3) (003)","Published document","2025-03-29","https://esterotoday.com/parkinsons-walk-flyer-3-003/","https://esterotoday.com/wp-content/uploads/2025/03/Parkinsons-Walk-Flyer-3-003.pdf","","","Parkinsons Walk Flyer (3) (003) Parkinsons Walk Flyer (3) (003)"
"document","doc-41298","Gilmartin Proclamation","Published document","2025-03-19","https://esterotoday.com/gilmartin-proclamation/","https://esterotoday.com/wp-content/uploads/2025/03/Gilmartin-Proclamation.pdf","","","Gilmartin Proclamation Gilmartin Proclamation"
"document","doc-41056","Community Meeting Feb 26th presentation","Published document","2025-03-05","https://esterotoday.com/community-meeting-feb-26th-presentation/","https://esterotoday.com/wp-content/uploads/2025/03/Community-Meeting-Feb-26th-presentation.pdf","","","Community Meeting Feb 26th presentation Community Meeting Feb 26th presentation"
"document","doc-40962","GECR2025Qtr1","Published document","2025-02-21","https://esterotoday.com/gecr2025qtr1/","https://esterotoday.com/wp-content/uploads/2025/02/GECR2025Qtr1.pdf","","","GECR2025Qtr1 GECR2025Qtr1"
"document","doc-40939","Engage Estero Annual Report 2024","Published document","2025-02-20","https://esterotoday.com/engage-estero-annual-report-2024/","https://esterotoday.com/wp-content/uploads/2025/02/Engage-Estero-Annual-Report-2024.pdf","","","Engage Estero Annual Report 2024 Engage Estero Annual Report 2024"
"document","doc-40859","EE 2024 list of accomplsihmentsJGrev 2","Published document","2025-02-14","https://esterotoday.com/ee-2024-list-of-accomplsihmentsjgrev-2/","https://esterotoday.com/wp-content/uploads/2025/02/EE-2024-list-of-accomplsihmentsJGrev-2.pdf","","","EE 2024 list of accomplsihmentsJGrev 2 EE 2024 list of accomplsihmentsJGrev 2"
"document","doc-40749","Southwest Florida 2024 Year in ReviewZKJGrev","Published document","2025-01-30","https://esterotoday.com/southwest-florida-2024-year-in-reviewzkjgrev/","https://esterotoday.com/wp-content/uploads/2025/01/Southwest-Florida-2024-Year-in-ReviewZKJGrev.pdf","","","Southwest Florida 2024 Year in ReviewZKJGrev Southwest Florida 2024 Year in ReviewZKJGrev"
"document","doc-40654","25-Year Celebration Final 1.11.25","Published document","2025-01-17","https://esterotoday.com/25-year-celebration-final-1-11-25/","https://esterotoday.com/wp-content/uploads/2025/01/25-Year-Celebration-Final-1.11.25.pdf","","","25-Year Celebration Final 1.11.25 25-Year Celebration Final 1.11.25"
"document","doc-40638","Village Hub Master Plan","Published document","2025-01-15","https://esterotoday.com/village-hub-master-plan/","https://esterotoday.com/wp-content/uploads/2025/01/Village-Hub-Master-Plan.pdf","","","Village Hub Master Plan Village Hub Master Plan"
"document","doc-40317","Breaking Par FLYER 2025 FINAL","Published document","2024-12-04","https://esterotoday.com/breaking-par-flyer-2025-final/","https://esterotoday.com/wp-content/uploads/2024/12/Breaking-Par-FLYER-2025-FINAL.pdf","","","Breaking Par FLYER 2025 FINAL Breaking Par FLYER 2025 FINAL"
"document","doc-39922","Engage Estero Community Meeting Oct 24th 2024 final","Published document","2024-10-25","https://esterotoday.com/engage-estero-community-meeting-oct-24th-2024-final/","https://esterotoday.com/wp-content/uploads/2024/10/Engage-Estero-Community-Meeting-Oct-24th-2024-final.pdf","","","Engage Estero Community Meeting Oct 24th 2024 final Engage Estero Community Meeting Oct 24th 2024 final"
"document","doc-39547","GECRqtr3-2024","Published document","2024-09-04","https://esterotoday.com/gecrqtr3-2024/","https://esterotoday.com/wp-content/uploads/2024/09/GECRqtr3-2024.pdf","","","GECRqtr3-2024 GECRqtr3-2024"
"document","doc-39487","Summary Corkscrew Road – US41 to the Collier County Line – update 5JGrev","Published document","2024-08-21","https://esterotoday.com/summary-corkscrew-road-us41-to-the-collier-county-line-update-5jgrev/","https://esterotoday.com/wp-content/uploads/2024/08/Summary-Corkscrew-Road-US41-to-the-Collier-County-Line-update-5JGrev.pdf","","","Summary Corkscrew Road – US41 to the Collier County Line – update 5JGrev Summary Corkscrew Road - US41 to the Collier County Line - update 5JGrev"
"document","doc-38544","RTCHW Trifold 2026 Petition Gatherer’s Guide","Published document","2024-05-10","https://esterotoday.com/rtchw-trifold-2026-petition-gatherers-guide/","https://esterotoday.com/wp-content/uploads/2024/05/RTCHW-Trifold-2026-Petition-Gatherers-Guide.pdf","","","RTCHW Trifold 2026 Petition Gatherer’s Guide RTCHW Trifold 2026 Petition Gatherer's Guide"
"document","doc-38345","GECRqtr2-2024","Published document","2024-05-03","https://esterotoday.com/gecrqtr2-2024/","https://esterotoday.com/wp-content/uploads/2024/04/GECRqtr2-2024.pdf","","","GECRqtr2-2024 GECRqtr2-2024"
"document","doc-37762","GECRqtr1-2024","Published document","2024-02-28","https://esterotoday.com/gecrqtr1-2024/","https://esterotoday.com/wp-content/uploads/2024/02/GECRqtr1-2024.pdf","","","GECRqtr1-2024 GECRqtr1-2024"
"document","doc-37376","Engage-Estero-Annual-Report-2023","Published document","2024-02-12","https://esterotoday.com/engage-estero-annual-report-2023/","https://esterotoday.com/wp-content/uploads/2024/02/Engage-Estero-Annual-Report-2023.pdf","","","Engage-Estero-Annual-Report-2023 Engage-Estero-Annual-Report-2023"
"document","doc-34265","2023 QTR 4 GECR","Published document","2023-11-15","https://esterotoday.com/2023-qtr-4-gecr/","https://esterotoday.com/wp-content/uploads/2023/11/2023-QTR-4-GECR.pdf","","","2023 QTR 4 GECR 2023 QTR 4 GECR"
"document","doc-33985","Impact of Urbanization Program","Published document","2023-10-24","https://esterotoday.com/impact-of-urbanization-program/","https://esterotoday.com/wp-content/uploads/2023/10/Impact-of-Urbanization-Program.pdf","","","Impact of Urbanization Program Impact of Urbanization Program"
"document","doc-33397","Engage Estero’s Sept 21st Meeting Presentation","Published document","2023-09-22","https://esterotoday.com/engage-esteros-sept-21st-meeting-presentation/","https://esterotoday.com/wp-content/uploads/2023/09/Engage-Esteros-Sept-21st-Meeting-Presentation.pdf","","","Engage Estero’s Sept 21st Meeting Presentation Engage Estero’s Sept 21st Meeting Presentation"
"document","doc-33062","GECRqtr3-2023","Published document","2023-09-01","https://esterotoday.com/gecrqtr3-2023/","https://esterotoday.com/wp-content/uploads/2023/09/GECRqtr3-2023.pdf","","","GECRqtr3-2023 GECRqtr3-2023"
"document","doc-32707","Healthy Life Center Aug 2023","Published document","2023-07-25","https://esterotoday.com/healthy-life-center-aug-2023/","https://esterotoday.com/wp-content/uploads/2023/07/Healthy-Life-Center-Aug-2023.pdf","","","Healthy Life Center Aug 2023 Healthy Life Center Aug 2023"
"document","doc-32616","CFCW Flyer","Published document","2023-07-20","https://esterotoday.com/cfcw-flyer/","https://esterotoday.com/wp-content/uploads/2023/07/CFCW-Flyer.pdf","","","CFCW Flyer CFCW Flyer"
"document","doc-32456","Gateway version","Published document","2023-06-15","https://esterotoday.com/gateway-version/","https://esterotoday.com/wp-content/uploads/2023/06/Gateway-version.pdf","","","Gateway version Gateway version"
"document","doc-32454","Neighborhood","Published document","2023-06-15","https://esterotoday.com/neighborhood/","https://esterotoday.com/wp-content/uploads/2023/06/Neighborhood.pdf","","","Neighborhood Neighborhood"
"document","doc-32364","May 2023 Financial Report for Web site","Published document","2023-06-08","https://esterotoday.com/may-2023-financial-report-for-web-site/","https://esterotoday.com/wp-content/uploads/2023/06/May-2023-Financial-Report-for-Web-site.pdf","","","May 2023 Financial Report for Web site May 2023 Financial Report for Web site"
"document","doc-32184","Healthy Life Center June 2023","Published document","2023-05-22","https://esterotoday.com/healthy-life-center-june-2023/","https://esterotoday.com/wp-content/uploads/2023/05/Healthy-Life-Center-June-2023.pdf","","","Healthy Life Center June 2023 Healthy Life Center June 2023"
"document","doc-32147","April 2023 Financial Report for Web Site","Published document","2023-05-09","https://esterotoday.com/april-2023-financial-report-for-web-site/","https://esterotoday.com/wp-content/uploads/2023/05/April-2023-Financial-Report-for-Web-Site.pdf","","","April 2023 Financial Report for Web Site April 2023 Financial Report for Web Site"
"document","doc-32146","GECRqtr2-2023","Published document","2023-05-09","https://esterotoday.com/gecrqtr2-2023/","https://esterotoday.com/wp-content/uploads/2023/05/GECRqtr2-2023.pdf","","","GECRqtr2-2023 GECRqtr2-2023"
"document","doc-32093","Engage Estero 1 4 2023 Engage Estero Certificate","Published document","2023-04-28","https://esterotoday.com/engage-estero-1-4-2023-engage-estero-certificate/","https://esterotoday.com/wp-content/uploads/2023/04/Engage-Estero-1-4-2023-Engage-Estero-Certificate.pdf","","","Engage Estero 1 4 2023 Engage Estero Certificate Engage Estero 1 4 2023 Engage Estero Certificate"
"document","doc-31995","What is Engage Estero Brochure 2023","Published document","2023-04-13","https://esterotoday.com/what-is-engage-estero-brochure-2023/","https://esterotoday.com/wp-content/uploads/2023/04/What-is-Engage-Estero-Brochure-2023.pdf","","","What is Engage Estero Brochure 2023 What is Engage Estero Brochure 2023"
"document","doc-31990","PresentationApril2023","Published document","2023-04-12","https://esterotoday.com/presentationapril2023/","https://esterotoday.com/wp-content/uploads/2023/04/PresentationApril2023.pdf","","","PresentationApril2023 PresentationApril2023"
"document","doc-31969","March 2023 Website Financial Report","Published document","2023-04-10","https://esterotoday.com/march-2023-website-financial-report/","https://esterotoday.com/wp-content/uploads/2023/04/March-2023-Website-Financial-Report.pdf","","","March 2023 Website Financial Report March 2023 Website Financial Report"
"document","doc-31885","2023.03.31 Village of Estero – Public Notice of Public Information","Published document","2023-04-03","https://esterotoday.com/2023-03-31-village-of-estero-public-notice-of-public-information/","https://esterotoday.com/wp-content/uploads/2023/04/2023.03.31-Village-of-Estero-Public-Notice-of-Public-Information.pdf","","","2023.03.31 Village of Estero – Public Notice of Public Information 2023.03.31 Village of Estero - Public Notice of Public Information"
"document","doc-31763","FinancialsFeb2023","Published document","2023-03-23","https://esterotoday.com/financialsfeb2023/","https://esterotoday.com/wp-content/uploads/2023/03/FinancialsFeb2023.pdf","","","FinancialsFeb2023 FinancialsFeb2023"
"document","doc-31638","EE_Logo_VERTICAL_TAG_CMYK","Published document","2023-03-14","https://esterotoday.com/ee_logo_vertical_tag_cmyk/","https://esterotoday.com/wp-content/uploads/2023/03/EE_Logo_VERTICAL_TAG_CMYK.pdf","","","EE_Logo_VERTICAL_TAG_CMYK EE_Logo_VERTICAL_TAG_CMYK"
"document","doc-31635","AgendaApril2023","Published document","2023-03-14","https://esterotoday.com/agendaapril2023/","https://esterotoday.com/wp-content/uploads/2023/03/AgendaApril2023.pdf","","","AgendaApril2023 AgendaApril2023"
"document","doc-31578","GECRqtr1-2023","Published document","2023-03-10","https://esterotoday.com/gecrqtr1-2023/","https://esterotoday.com/wp-content/uploads/2023/03/GECRqtr1-2023.pdf","","","GECRqtr1-2023 GECRqtr1-2023"
"document","doc-31383","Repositioning the ECCL 2.13.23","Published document","2023-02-22","https://esterotoday.com/repositioning-the-eccl-2-13-23/","https://esterotoday.com/wp-content/uploads/2023/02/Repositioning-the-ECCL-2.13.23.pdf","","","Repositioning the ECCL 2.13.23 Repositioning the ECCL 2.13.23"
"document","doc-31225","Jan 2023 financials","Published document","2023-02-17","https://esterotoday.com/jan-2023-financials/","https://esterotoday.com/wp-content/uploads/2023/02/Jan-2023-financials.pdf","","","Jan 2023 financials Jan 2023 financials"
"document","doc-31192","Breaking Par Flyer and Registration","Published document","2023-02-16","https://esterotoday.com/event/11th-annual-breaking-par-golf-tournament/breaking-par-flyer-and-registration/","https://esterotoday.com/wp-content/uploads/2023/02/Breaking-Par-Flyer-and-Registration.pdf","","","Breaking Par Flyer and Registration Breaking Par Flyer and Registration"
"document","doc-30943","Annual Report 2022 ECCL","Published document","2023-01-23","https://esterotoday.com/annual-report-2022-eccl/","https://esterotoday.com/wp-content/uploads/2023/01/Annual-Report-2022-ECCL-.pdf","","","Annual Report 2022 ECCL Annual Report 2022 ECCL"
"document","doc-30942","Estero Health Fair 2023","Published document","2023-01-20","https://esterotoday.com/estero-health-fair-2023/","https://esterotoday.com/wp-content/uploads/2023/01/Estero-Health-Fair-2023.pdf","","","Estero Health Fair 2023 Estero Health Fair 2023"
"document","doc-30939","Annual Report 2022 ECCL JGil","Published document","2023-01-20","https://esterotoday.com/annual-report-2022-eccl-jgil/","https://esterotoday.com/wp-content/uploads/2023/01/Annual-Report-2022-ECCL-JGil.pdf","","","Annual Report 2022 ECCL JGil Annual Report 2022 ECCL JGil"
"document","doc-30884","Dec2022Financials","Published document","2023-01-16","https://esterotoday.com/dec2022financials/","https://esterotoday.com/wp-content/uploads/2023/01/Dec2022Financials.pdf","","","Dec2022Financials Dec2022Financials"
"document","doc-30509","GECRqtr4-2022","Published document","2022-12-06","https://esterotoday.com/gecrqtr4-2022/","https://esterotoday.com/wp-content/uploads/2022/12/GECRqtr4-2022.pdf","","","GECRqtr4-2022 GECRqtr4-2022"
"document","doc-30507","Sept2022ECCLFinancials","Published document","2022-12-06","https://esterotoday.com/sept2022ecclfinancials/","https://esterotoday.com/wp-content/uploads/2022/12/Sept2022ECCLFinancials.pdf","","","Sept2022ECCLFinancials Sept2022ECCLFinancials"
"document","doc-30505","Nov2022ECCLFinancials","Published document","2022-12-06","https://esterotoday.com/nov2022ecclfinancials/","https://esterotoday.com/wp-content/uploads/2022/12/Nov2022ECCLFinancials.pdf","","","Nov2022ECCLFinancials Nov2022ECCLFinancials"
"document","doc-30471","ECCLAgendaDec2022","Published document","2022-11-30","https://esterotoday.com/ecclagendadec2022/","https://esterotoday.com/wp-content/uploads/2022/11/ECCLAgendaDec2022.pdf","","","ECCLAgendaDec2022 ECCLAgendaDec2022"
"document","doc-30246","Repositioning the ECCL","Published document","2022-11-17","https://esterotoday.com/repositioning-the-eccl/","https://esterotoday.com/wp-content/uploads/2022/11/Repositioning-the-ECCL-.pdf","","","Repositioning the ECCL Repositioning the ECCL"
"document","doc-30243","ECCL November 2022 Survey Presentation","Published document","2022-11-17","https://esterotoday.com/eccl-november-2022-survey-presentation/","https://esterotoday.com/wp-content/uploads/2022/11/ECCL-November-2022-Survey-Presentation.pdf","","","ECCL November 2022 Survey Presentation ECCL November 2022 Survey Presentation"
"document","doc-30231","FinancialsOct2022","Published document","2022-11-16","https://esterotoday.com/financialsoct2022/","https://esterotoday.com/wp-content/uploads/2022/11/FinancialsOct2022.pdf","","","FinancialsOct2022 FinancialsOct2022"
"document","doc-30211","lue sponsors","Published document","2022-11-14","https://esterotoday.com/lue-sponsors/","https://esterotoday.com/wp-content/uploads/2022/11/lue-sponsors.pdf","","","lue sponsors lue sponsors"
"document","doc-30132","AgendaNov2022ECCL","Published document","2022-11-09","https://esterotoday.com/agendanov2022eccl/","https://esterotoday.com/wp-content/uploads/2022/11/AgendaNov2022ECCL.pdf","","","AgendaNov2022ECCL AgendaNov2022ECCL"
"document","doc-30071","FL League of Cities Trail article, March-April 2019","Published document","2022-10-31","https://esterotoday.com/fl-league-of-cities-trail-article-march-april-2019/","https://esterotoday.com/wp-content/uploads/2022/10/FL-League-of-Cities-Trail-article-March-April-2019.pdf","","","FL League of Cities Trail article, March-April 2019 FL League of Cities Trail article, March-April 2019"
"document","doc-29988","Statement of Financial Position 9 2022","Published document","2022-10-04","https://esterotoday.com/statement-of-financial-position-9-2022/","https://esterotoday.com/wp-content/uploads/2022/10/Statement-of-Financial-Position-9-2022.pdf","","","Statement of Financial Position 9 2022 Statement of Financial Position 9 2022"
"document","doc-29987","Statement of Financial Activities 9 2022","Published document","2022-10-04","https://esterotoday.com/statement-of-financial-activities-9-2022/","https://esterotoday.com/wp-content/uploads/2022/10/Statement-of-Financial-Activities-9-2022.pdf","","","Statement of Financial Activities 9 2022 Statement of Financial Activities 9 2022"
"document","doc-29913","HLC October 2022","Published document","2022-09-26","https://esterotoday.com/hlc-october-2022/","https://esterotoday.com/wp-content/uploads/2022/09/HLC-October-2022.pdf","","","HLC October 2022 HLC October 2022"
"document","doc-29886","GECRqtr3-2022","Published document","2022-09-16","https://esterotoday.com/gecrqtr3-2022/","https://esterotoday.com/wp-content/uploads/2022/09/GECRqtr3-2022.pdf","","","GECRqtr3-2022 GECRqtr3-2022"
"document","doc-29864","Aug2022financials","Published document","2022-09-13","https://esterotoday.com/aug2022financials/","https://esterotoday.com/wp-content/uploads/2022/09/Aug2022financials.pdf","","","Aug2022financials Aug2022financials"
"document","doc-29664","2022 Blue Mass wRSVP","Published document","2022-08-30","https://esterotoday.com/event/knights-of-columbus/2022-blue-mass-wrsvp/","https://esterotoday.com/wp-content/uploads/2022/08/2022-Blue-Mass-wRSVP.pdf","","","2022 Blue Mass wRSVP 2022 Blue Mass wRSVP"
"document","doc-29516","Fall Prevention Awareness Flyer","Published document","2022-08-22","https://esterotoday.com/fall-prevention-awareness-flyer/","https://esterotoday.com/wp-content/uploads/2022/08/Fall-Prevention-Awareness-Flyer.pdf","","","Fall Prevention Awareness Flyer Fall Prevention Awareness Flyer"
"document","doc-29515","HLC September 2022","Published document","2022-08-22","https://esterotoday.com/hlc-september-2022/","https://esterotoday.com/wp-content/uploads/2022/08/HLC-September-2022.pdf","","","HLC September 2022 HLC September 2022"
"document","doc-29401","June 2022 financials","Published document","2022-08-08","https://esterotoday.com/june-2022-financials/","https://esterotoday.com/wp-content/uploads/2022/08/June-2022-financials.pdf","","","June 2022 financials June 2022 financials"
"document","doc-29400","July 2022 Financials","Published document","2022-08-08","https://esterotoday.com/july-2022-financials/","https://esterotoday.com/wp-content/uploads/2022/08/July-2022-Financials.pdf","","","July 2022 Financials July 2022 Financials"
"document","doc-29180","Healthy Life Center Virtual Class Calendar August 2022","Published document","2022-07-25","https://esterotoday.com/healthy-life-center-virtual-class-calendar-august-2022/","https://esterotoday.com/wp-content/uploads/2022/07/Healthy-Life-Center-Virtual-Class-Calendar-August-2022.pdf","","","Healthy Life Center Virtual Class Calendar August 2022 Healthy Life Center Virtual Class Calendar August 2022"
"document","doc-28942","HLC July 2022","Published document","2022-06-23","https://esterotoday.com/hlc-july-2022/","https://esterotoday.com/wp-content/uploads/2022/06/HLC-July-2022.pdf","","","HLC July 2022 HLC July 2022"
"document","doc-28860","DispatchHealth Update 6.10.22","Published document","2022-06-13","https://esterotoday.com/dispatchhealth-update-6-10-22/","https://esterotoday.com/wp-content/uploads/2022/06/DispatchHealth-Update-6.10.22.pdf","","","DispatchHealth Update 6.10.22 DispatchHealth Update 6.10.22"
"document","doc-28852","Lee MPO Rail Trail Public Workshop Presentation.06.02.2022","Published document","2022-06-10","https://esterotoday.com/lee-mpo-rail-trail-public-workshop-presentation-06-02-2022/","https://esterotoday.com/wp-content/uploads/2022/06/Lee-MPO-Rail-Trail-Public-Workshop-Presentation.06.02.2022.pdf","","","Lee MPO Rail Trail Public Workshop Presentation.06.02.2022 Lee MPO Rail Trail Public Workshop Presentation.06.02.2022"
"document","doc-28832","ECCLAgendaJune2022","Published document","2022-06-07","https://esterotoday.com/ecclagendajune2022/","https://esterotoday.com/wp-content/uploads/2022/06/ECCLAgendaJune2022.pdf","","","ECCLAgendaJune2022 ECCLAgendaJune2022"
"document","doc-28800","ECCLFinancialsMay2022","Published document","2022-06-07","https://esterotoday.com/ecclfinancialsmay2022/","https://esterotoday.com/wp-content/uploads/2022/06/ECCLFinancialsMay2022.pdf","","","ECCLFinancialsMay2022 ECCLFinancialsMay2022"
"document","doc-28697","2022DPposter11X17","Published document","2022-05-25","https://esterotoday.com/2022dpposter11x17/","https://esterotoday.com/wp-content/uploads/2022/05/2022DPposter11X17.pdf","","","2022DPposter11X17 2022DPposter11X17"
"document","doc-28696","HLC June 2022","Published document","2022-05-25","https://esterotoday.com/hlc-june-2022/","https://esterotoday.com/wp-content/uploads/2022/05/HLC-June-2022.pdf","","","HLC June 2022 HLC June 2022"
"document","doc-28651","Mary Gibbs Presentation ECCL May Meeting.pptx","Published document","2022-05-24","https://esterotoday.com/mary-gibbs-presentation-eccl-may-meeting-pptx/","https://esterotoday.com/wp-content/uploads/2022/05/Mary-Gibbs-Presentation-ECCL-May-Meeting.pptx.pdf","","","Mary Gibbs Presentation ECCL May Meeting.pptx Mary Gibbs Presentation ECCL May Meeting.pptx"
"document","doc-28646","Joe Ryan Lee Health May ECCL Meeting.pptx","Published document","2022-05-23","https://esterotoday.com/joe-ryan-lee-health-may-eccl-meeting-pptx/","https://esterotoday.com/wp-content/uploads/2022/05/Joe-Ryan-Lee-Health-May-ECCL-Meeting.pptx.pdf","","","Joe Ryan Lee Health May ECCL Meeting.pptx Joe Ryan Lee Health May ECCL Meeting.pptx"
"document","doc-28560","ECCLFinancialsApril2022","Published document","2022-05-09","https://esterotoday.com/ecclfinancialsapril2022/","https://esterotoday.com/wp-content/uploads/2022/05/ECCLFinancialsApril2022.pdf","","","ECCLFinancialsApril2022 ECCLFinancialsApril2022"
"document","doc-28550","ECCLAgendaMay2022","Published document","2022-05-06","https://esterotoday.com/ecclagendamay2022/","https://esterotoday.com/wp-content/uploads/2022/05/ECCLAgendaMay2022.pdf","","","ECCLAgendaMay2022 ECCLAgendaMay2022"
"document","doc-28480","WomensHealthWeekMay22","Published document","2022-04-25","https://esterotoday.com/womenshealthweekmay22/","https://esterotoday.com/wp-content/uploads/2022/04/WomensHealthWeekMay22.pdf","","","WomensHealthWeekMay22 WomensHealthWeekMay22"
"document","doc-28478","Statewide AHEC_Flyer-May 2022","Published document","2022-04-25","https://esterotoday.com/statewide-ahec_flyer-may-2022/","https://esterotoday.com/wp-content/uploads/2022/04/Statewide-AHEC_Flyer-May-2022.pdf","","","Statewide AHEC_Flyer-May 2022 Statewide AHEC_Flyer-May 2022"
"document","doc-28477","HLC May 2022","Published document","2022-04-25","https://esterotoday.com/hlc-may-2022/","https://esterotoday.com/wp-content/uploads/2022/04/HLC-May-2022.pdf","","","HLC May 2022 HLC May 2022"
"document","doc-28468","GECRqtr2-2022","Published document","2022-04-25","https://esterotoday.com/gecrqtr2-2022/","https://esterotoday.com/wp-content/uploads/2022/04/GECRqtr2-2022.pdf","","","GECRqtr2-2022 GECRqtr2-2022"
"document","doc-28437","Changing the tide for SW FL waters 2-28-22","Published document","2022-04-21","https://esterotoday.com/changing-the-tide-for-sw-fl-waters-2-28-22/","https://esterotoday.com/wp-content/uploads/2022/04/Changing-the-tide-for-SW-FL-waters-2-28-22.pdf","","","Changing the tide for SW FL waters 2-28-22 Changing the tide for SW FL waters 2-28-22"
"document","doc-28389","March2022Financials","Published document","2022-04-11","https://esterotoday.com/march2022financials/","https://esterotoday.com/wp-content/uploads/2022/04/March2022Financials.pdf","","","March2022Financials March2022Financials"
"document","doc-28354","ECCLAgendaApr2022b","Published document","2022-04-07","https://esterotoday.com/ecclagendaapr2022b/","https://esterotoday.com/wp-content/uploads/2022/04/ECCLAgendaApr2022b.pdf","","","ECCLAgendaApr2022b ECCLAgendaApr2022b"
"document","doc-28246","AgendaApril2022","Published document","2022-03-29","https://esterotoday.com/agendaapril2022/","https://esterotoday.com/wp-content/uploads/2022/03/AgendaApril2022.pdf","","","AgendaApril2022 AgendaApril2022"
"document","doc-28088","FinancialsFeb-March2022","Published document","2022-03-09","https://esterotoday.com/financialsfeb-march2022/","https://esterotoday.com/wp-content/uploads/2022/03/FinancialsFeb-March2022.pdf","","","FinancialsFeb-March2022 FinancialsFeb-March2022"
"document","doc-28065","March2022Agenda","Published document","2022-03-04","https://esterotoday.com/march2022agenda/","https://esterotoday.com/wp-content/uploads/2022/03/March2022Agenda.pdf","","","March2022Agenda March2022Agenda"
"document","doc-27966","WorkforceHousingFeb2022","Published document","2022-02-16","https://esterotoday.com/workforcehousingfeb2022/","https://esterotoday.com/wp-content/uploads/2022/02/WorkforceHousingFeb2022.pdf","","","WorkforceHousingFeb2022 WorkforceHousingFeb2022"
"document","doc-27899","Jan2022ECCLFinances","Published document","2022-02-14","https://esterotoday.com/jan2022ecclfinances/","https://esterotoday.com/wp-content/uploads/2022/02/Jan2022ECCLFinances.pdf","","","Jan2022ECCLFinances Jan2022ECCLFinances"
"document","doc-27879","ECCL Presentation February 11, 2022","Published document","2022-02-14","https://esterotoday.com/eccl-presentation-february-11-2022/","https://esterotoday.com/wp-content/uploads/2022/02/ECCL-Presentation-February-11-2022.pdf","","","ECCL Presentation February 11, 2022 ECCL Presentation February 11, 2022"
"document","doc-27817","ECCLAgendaFeb2022","Published document","2022-02-04","https://esterotoday.com/ecclagendafeb2022/","https://esterotoday.com/wp-content/uploads/2022/02/ECCLAgendaFeb2022.pdf","","","ECCLAgendaFeb2022 ECCLAgendaFeb2022"
"document","doc-27806","GECRqtr1-2022","Published document","2022-02-04","https://esterotoday.com/gecrqtr1-2022/","https://esterotoday.com/wp-content/uploads/2022/02/GECRqtr1-2022.pdf","","","GECRqtr1-2022 GECRqtr1-2022"
"document","doc-27786","HLC Feb 2022","Published document","2022-01-24","https://esterotoday.com/hlc-feb-2022/","https://esterotoday.com/wp-content/uploads/2022/01/HLC-Feb-2022.pdf","","","HLC Feb 2022 HLC Feb 2022"
"document","doc-27677","ECCL – Corkscrew Road Widening Project Jan 2022","Published document","2022-01-14","https://esterotoday.com/eccl-corkscrew-road-widening-project-jan-2022/","https://esterotoday.com/wp-content/uploads/2022/01/ECCL-Corkscrew-Road-Widening-Project-Jan-2022.pdf","","","ECCL – Corkscrew Road Widening Project Jan 2022 ECCL - Corkscrew Road Widening Project Jan 2022"
"document","doc-27675","financalsJan2022","Published document","2022-01-14","https://esterotoday.com/financalsjan2022/","https://esterotoday.com/wp-content/uploads/2022/01/financalsJan2022.pdf","","","financalsJan2022 financalsJan2022"
"document","doc-27667","Climate Compass Electronic Flyers-FINAL (2)","Published document","2022-01-13","https://esterotoday.com/climate-compass-electronic-flyers-final-2/","https://esterotoday.com/wp-content/uploads/2022/01/Climate-Compass-Electronic-Flyers-FINAL-2.pdf","","","Climate Compass Electronic Flyers-FINAL (2) Climate Compass Electronic Flyers-FINAL (2)"
"document","doc-27653","Three Oaks 4th Grade Flyer for Essay Contest_1_7_22","Published document","2022-01-11","https://esterotoday.com/three-oaks-4th-grade-flyer-for-essay-contest_1_7_22/","https://esterotoday.com/wp-content/uploads/2022/01/Three-Oaks-4th-Grade-Flyer-for-Essay-Contest_1_7_22.pdf","","","Three Oaks 4th Grade Flyer for Essay Contest_1_7_22 Three Oaks 4th Grade Flyer for Essay Contest_1_7_22"
"document","doc-27652","HS Flyer for Essay Contest_1_7_22","Published document","2022-01-11","https://esterotoday.com/hs-flyer-for-essay-contest_1_7_22/","https://esterotoday.com/wp-content/uploads/2022/01/HS-Flyer-for-Essay-Contest_1_7_22.pdf","","","HS Flyer for Essay Contest_1_7_22 HS Flyer for Essay Contest_1_7_22"
"document","doc-27649","ECCLAgendaJan2022","Published document","2022-01-10","https://esterotoday.com/ecclagendajan2022/","https://esterotoday.com/wp-content/uploads/2022/01/ECCLAgendaJan2022.pdf","","","ECCLAgendaJan2022 ECCLAgendaJan2022"
"document","doc-27554","Flyer for Essay 2022 Contest","Published document","2021-12-29","https://esterotoday.com/flyer-for-essay-2022-contest/","https://esterotoday.com/wp-content/uploads/2021/12/Flyer-for-Essay-2022-Contest.pdf","","","Flyer for Essay 2022 Contest Flyer for Essay 2022 Contest"
"document","doc-27494","HLC January 2022","Published document","2021-12-22","https://esterotoday.com/hlc-january-2022/","https://esterotoday.com/wp-content/uploads/2021/12/HLC-January-2022.pdf","","","HLC January 2022 HLC January 2022"
"document","doc-27482","Nov financials","Published document","2021-12-16","https://esterotoday.com/nov-financials/","https://esterotoday.com/wp-content/uploads/2021/12/Nov-financials.pdf","","","Nov financials Nov financials"
"document","doc-27426","ECCLAgendaDec2021","Published document","2021-12-06","https://esterotoday.com/ecclagendadec2021/","https://esterotoday.com/wp-content/uploads/2021/12/ECCLAgendaDec2021.pdf","","","ECCLAgendaDec2021 ECCLAgendaDec2021"
"document","doc-27403","GECRqtr4-2021-C","Published document","2021-11-24","https://esterotoday.com/gecrqtr4-2021-c/","https://esterotoday.com/wp-content/uploads/2021/11/GECRqtr4-2021-C.pdf","","","GECRqtr4-2021-C GECRqtr4-2021-C"
"document","doc-27330","FinancialsNov2021","Published document","2021-11-05","https://esterotoday.com/financialsnov2021/","https://esterotoday.com/wp-content/uploads/2021/11/FinancialsNov2021.pdf","","","FinancialsNov2021 FinancialsNov2021"
"document","doc-27301","ECCLAgendaNov2021","Published document","2021-11-04","https://esterotoday.com/ecclagendanov2021/","https://esterotoday.com/wp-content/uploads/2021/11/ECCLAgendaNov2021.pdf","","","ECCLAgendaNov2021 ECCLAgendaNov2021"
"document","doc-27285","HLC November 2021","Published document","2021-10-28","https://esterotoday.com/hlc-november-2021/","https://esterotoday.com/wp-content/uploads/2021/10/HLC-November-2021.pdf","","","HLC November 2021 HLC November 2021"
"document","doc-27217","Financials July 2021","Published document","2021-10-08","https://esterotoday.com/financials-july-2021-2/","https://esterotoday.com/wp-content/uploads/2021/10/Financials-July-2021.pdf","","","Financials July 2021 Financials July 2021"
"document","doc-27216","FinancialsAug2021","Published document","2021-10-08","https://esterotoday.com/financialsaug2021/","https://esterotoday.com/wp-content/uploads/2021/10/FinancialsAug2021.pdf","","","FinancialsAug2021 FinancialsAug2021"
"document","doc-27215","Financials July 2021","Published document","2021-10-08","https://esterotoday.com/financials-2/","https://esterotoday.com/wp-content/uploads/2021/10/Financials.pdf","","","Financials July 2021 Financials July 2021"
"document","doc-27161","ECCLAgendaOct2021","Published document","2021-09-30","https://esterotoday.com/ecclagendaoct2021/","https://esterotoday.com/wp-content/uploads/2021/09/ECCLAgendaOct2021.pdf","","","ECCLAgendaOct2021 ECCLAgendaOct2021"
"document","doc-27153","October Women Health Series 2021","Published document","2021-09-27","https://esterotoday.com/october-women-health-series-2021/","https://esterotoday.com/wp-content/uploads/2021/09/October-Women-Health-Series-2021.pdf","","","October Women Health Series 2021 October Women Health Series 2021"
"document","doc-27152","HLC Oct 2021","Published document","2021-09-27","https://esterotoday.com/hlc-oct-2021/","https://esterotoday.com/wp-content/uploads/2021/09/HLC-Oct-2021.pdf","","","HLC Oct 2021 HLC Oct 2021"
"document","doc-27109","f-Youth_Art_Competition_App_EFAS_Oct_23_24_21","Published document","2021-09-20","https://esterotoday.com/f-youth_art_competition_app_efas_oct_23_24_21/","https://esterotoday.com/wp-content/uploads/2021/09/f-Youth_Art_Competition_App_EFAS_Oct_23_24_21.pdf","","","f-Youth_Art_Competition_App_EFAS_Oct_23_24_21 f-Youth_Art_Competition_App_EFAS_Oct_23_24_21"
"document","doc-27105","GECRqtr3-2021","Published document","2021-09-17","https://esterotoday.com/gecrqtr3-2021/","https://esterotoday.com/wp-content/uploads/2021/09/GECRqtr3-2021.pdf","","","GECRqtr3-2021 GECRqtr3-2021"
"document","doc-27045","ECCLAgendaSept2021","Published document","2021-09-09","https://esterotoday.com/ecclagendasept2021/","https://esterotoday.com/wp-content/uploads/2021/09/ECCLAgendaSept2021.pdf","","","ECCLAgendaSept2021 ECCLAgendaSept2021"
"document","doc-26999","STEP SMART – FALL PREVENTION WEEK 2021 FLYER-210901","Published document","2021-09-01","https://esterotoday.com/step-smart-fall-prevention-week-2021-flyer-210901/","https://esterotoday.com/wp-content/uploads/2021/09/STEP-SMART-FALL-PREVENTION-WEEK-2021-FLYER-210901.pdf","","","STEP SMART – FALL PREVENTION WEEK 2021 FLYER-210901 STEP SMART - FALL PREVENTION WEEK 2021 FLYER-210901"
"document","doc-26968","HLC September 2021","Published document","2021-08-26","https://esterotoday.com/hlc-september-2021/","https://esterotoday.com/wp-content/uploads/2021/08/HLC-September-2021.pdf","","","HLC September 2021 HLC September 2021"
"document","doc-26713","ECCL Bylaws March 4m 2921 Signed Jim Gilmartin","Published document","2021-08-09","https://esterotoday.com/eccl-bylaws-march-4m-2921-signed-jim-gilmartin/","https://esterotoday.com/wp-content/uploads/2021/08/ECCL-Bylaws-March-4m-2921-Signed-Jim-Gilmartin.pdf","","","ECCL Bylaws March 4m 2921 Signed Jim Gilmartin ECCL Bylaws March 4m 2921 Signed Jim Gilmartin"
"document","doc-26712","Composite of Articles of Incorporation as of 2 5 2021","Published document","2021-08-09","https://esterotoday.com/composite-of-articles-of-incorporation-as-of-2-5-2021/","https://esterotoday.com/wp-content/uploads/2021/08/Composite-of-Articles-of-Incorporation-as-of-2-5-2021.pdf","","","Composite of Articles of Incorporation as of 2 5 2021 Composite of Articles of Incorporation as of 2 5 2021"
"document","doc-26596","ECCL Bylaws 3.4.2103062021 Signed Jim Gilmartin","Published document","2021-07-16","https://esterotoday.com/eccl-bylaws-3-4-2103062021-signed-jim-gilmartin/","https://esterotoday.com/wp-content/uploads/2021/07/ECCL-Bylaws-3.4.2103062021-Signed-Jim-Gilmartin.pdf","","","ECCL Bylaws 3.4.2103062021 Signed Jim Gilmartin ECCL Bylaws 3.4.2103062021 Signed Jim Gilmartin"
"document","doc-26595","Art of Inc 3.7.2103062021 Signed Jim Gilmartin","Published document","2021-07-16","https://esterotoday.com/art-of-inc-3-7-2103062021-signed-jim-gilmartin/","https://esterotoday.com/wp-content/uploads/2021/07/Art-of-Inc-3.7.2103062021-Signed-Jim-Gilmartin.pdf","","","Art of Inc 3.7.2103062021 Signed Jim Gilmartin Art of Inc 3.7.2103062021 Signed Jim Gilmartin"
"document","doc-26588","Financials July 2021","Published document","2021-07-14","https://esterotoday.com/financials-july-2021/","https://esterotoday.com/wp-content/uploads/2021/07/Financials-July-2021.pdf","","","Financials July 2021 Financials July 2021"
"document","doc-26535","septic tanks ystem sbrochure","Published document","2021-06-25","https://esterotoday.com/septic-system-care/septic-tanks-ystem-sbrochure/","https://esterotoday.com/wp-content/uploads/2021/06/septic-tanks-ystem-sbrochure.pdf","","","septic tanks ystem sbrochure septic tanks ystem sbrochure"
"document","doc-26483","ECCL Financials May 2021","Published document","2021-06-11","https://esterotoday.com/eccl-financials-may-2021/","https://esterotoday.com/wp-content/uploads/2021/06/ECCL-Financials-May-2021.pdf","","","ECCL Financials May 2021 ECCL Financials May 2021"
"document","doc-26466","4 page electronic What is ECCL brochure","Published document","2021-06-08","https://esterotoday.com/4-page-electronic-what-is-eccl-brochure/","https://esterotoday.com/wp-content/uploads/2021/06/4-page-electronic-What-is-ECCL-brochure.pdf","","","4 page electronic What is ECCL brochure 4 page electronic What is ECCL brochure"
"document","doc-26463","EcclAgendaJune2021","Published document","2021-06-02","https://esterotoday.com/ecclagendajune2021/","https://esterotoday.com/wp-content/uploads/2021/06/EcclAgendaJune2021.pdf","","","EcclAgendaJune2021 EcclAgendaJune2021"
"document","doc-26359","ECCLFinancialsMay2021","Published document","2021-05-17","https://esterotoday.com/ecclfinancialsmay2021-2/","https://esterotoday.com/wp-content/uploads/2021/05/ECCLFinancialsMay2021-1.pdf","","","ECCLFinancialsMay2021 ECCLFinancialsMay2021"
"document","doc-26304","ECCLFinancialsMay2021","Published document","2021-05-03","https://esterotoday.com/ecclfinancialsmay2021/","https://esterotoday.com/wp-content/uploads/2021/05/ECCLFinancialsMay2021.pdf","","","ECCLFinancialsMay2021 ECCLFinancialsMay2021"
"document","doc-26265","ECCLAgendaMay2021","Published document","2021-04-26","https://esterotoday.com/ecclagendamay2021/","https://esterotoday.com/wp-content/uploads/2021/04/ECCLAgendaMay2021.pdf","","","ECCLAgendaMay2021 ECCLAgendaMay2021"
"document","doc-26160","Southwest-Florida-Water-Quality-Impairment-Assessment-2021-Final","Published document","2021-04-13","https://esterotoday.com/southwest-florida-water-quality-impairment-assessment-2021-final/","https://esterotoday.com/wp-content/uploads/2021/04/Southwest-Florida-Water-Quality-Impairment-Assessment-2021-Final.pdf","","","Southwest-Florida-Water-Quality-Impairment-Assessment-2021-Final Southwest-Florida-Water-Quality-Impairment-Assessment-2021-Final"
"document","doc-26139","GECRqtr22021","Published document","2021-04-05","https://esterotoday.com/gecrqtr22021/","https://esterotoday.com/wp-content/uploads/2021/04/GECRqtr22021.pdf","","","GECRqtr22021 GECRqtr22021"
"document","doc-26105","ECCL Final Revision","Published document","2021-03-26","https://esterotoday.com/eccl-final-revision/","https://esterotoday.com/wp-content/uploads/2021/03/ECCL-Final-Revision.pdf","","","ECCL Final Revision ECCL Final Revision"
"document","doc-26087","Coconut Pt Drive-Through Health Fair","Published document","2021-03-25","https://esterotoday.com/coconut-pt-drive-through-health-fair/","https://esterotoday.com/wp-content/uploads/2021/03/Coconut-Pt-Drive-Through-Health-Fair.pdf","","","Coconut Pt Drive-Through Health Fair Coconut Pt Drive-Through Health Fair"
"document","doc-26085","HLC April 2021","Published document","2021-03-25","https://esterotoday.com/hlc-april-2021/","https://esterotoday.com/wp-content/uploads/2021/03/HLC-April-2021.pdf","","","HLC April 2021 HLC April 2021"
"document","doc-26001","Financials","Published document","2021-03-17","https://esterotoday.com/financials/","https://esterotoday.com/wp-content/uploads/2021/03/Financials.pdf","","","Financials Financials"
"document","doc-25958","Bio Reactor Presentation","Published document","2021-03-16","https://esterotoday.com/bio-reactor-presentation/","https://esterotoday.com/wp-content/uploads/2021/03/Bio-Reactor-Presentation.pdf","","","Bio Reactor Presentation Bio Reactor Presentation"
"document","doc-25951","ECCLAgendaMar2021","Published document","2021-03-04","https://esterotoday.com/ecclagendamar2021/","https://esterotoday.com/wp-content/uploads/2021/03/ECCLAgendaMar2021.pdf","","","ECCLAgendaMar2021 ECCLAgendaMar2021"
"document","doc-25915","HLC March 2021","Published document","2021-02-24","https://esterotoday.com/hlc-march-2021/","https://esterotoday.com/wp-content/uploads/2021/02/HLC-March-2021.pdf","","","HLC March 2021 HLC March 2021"
"document","doc-25840","Three Scholarships Flyer for Estero High School","Published document","2021-02-23","https://esterotoday.com/three-scholarships-flyer-for-estero-high-school/","https://esterotoday.com/wp-content/uploads/2021/02/Three-Scholarships-Flyer-for-Estero-High-School-.pdf","","","Three Scholarships Flyer for Estero High School Three Scholarships Flyer for Estero High School"
"document","doc-25799","Feb2021Financials","Published document","2021-02-15","https://esterotoday.com/feb2021financials/","https://esterotoday.com/wp-content/uploads/2021/02/Feb2021Financials.pdf","","","Feb2021Financials Feb2021Financials"
"document","doc-25776","ECCLAgendaFeb2021","Published document","2021-02-04","https://esterotoday.com/ecclagendafeb2021/","https://esterotoday.com/wp-content/uploads/2021/02/ECCLAgendaFeb2021.pdf","","","ECCLAgendaFeb2021 ECCLAgendaFeb2021"
"document","doc-25571","GECRqtr12021","Published document","2021-01-11","https://esterotoday.com/gecrqtr12021/","https://esterotoday.com/wp-content/uploads/2021/01/GECRqtr12021.pdf","","","GECRqtr12021 GECRqtr12021"
"document","doc-25556","Financials Nov. 2020 b","Published document","2021-01-05","https://esterotoday.com/financials-nov-2020-b/","https://esterotoday.com/wp-content/uploads/2021/01/Financials-Nov.-2020-b.pdf","","","Financials Nov. 2020 b Financials Nov. 2020 b"
"document","doc-25552","FinancialsDec2020","Published document","2021-01-05","https://esterotoday.com/financialsdec2020/","https://esterotoday.com/wp-content/uploads/2021/01/FinancialsDec2020.pdf","","","FinancialsDec2020 FinancialsDec2020"
"document","doc-25541","ECCLAgendaJan2021","Published document","2020-12-29","https://esterotoday.com/ecclagendajan2021/","https://esterotoday.com/wp-content/uploads/2020/12/ECCLAgendaJan2021.pdf","","","ECCLAgendaJan2021 ECCLAgendaJan2021"
"document","doc-25379","ECCLAgendaDec2020","Published document","2020-12-07","https://esterotoday.com/ecclagendadec2020/","https://esterotoday.com/wp-content/uploads/2020/12/ECCLAgendaDec2020.pdf","","","ECCLAgendaDec2020 ECCLAgendaDec2020"
"document","doc-25242","1450.26 CP Physician and Services flyer 2020 PRINT_","Published document","2020-11-23","https://esterotoday.com/1450-26-cp-physician-and-services-flyer-2020-print_/","https://esterotoday.com/wp-content/uploads/2020/11/1450.26-CP-Physician-and-Services-flyer-2020-PRINT_.pdf","","","1450.26 CP Physician and Services flyer 2020 PRINT_ 1450.26 CP Physician and Services flyer 2020 PRINT_"
"document","doc-25233","December Virtual HLC 2020","Published document","2020-11-20","https://esterotoday.com/december-virtual-hlc-2020/","https://esterotoday.com/wp-content/uploads/2020/11/December-Virtual-HLC-2020.pdf","","","December Virtual HLC 2020 December Virtual HLC 2020"
"document","doc-25204","GECRNov2020","Published document","2020-11-13","https://esterotoday.com/gecrnov2020/","https://esterotoday.com/wp-content/uploads/2020/11/GECRNov2020.pdf","","","GECRNov2020 GECRNov2020"
"document","doc-25201","FinancialsNov2020","Published document","2020-11-10","https://esterotoday.com/financialsnov2020/","https://esterotoday.com/wp-content/uploads/2020/11/FinancialsNov2020.pdf","","","FinancialsNov2020 FinancialsNov2020"
"document","doc-25197","Veterans Day Home Base 2020 editedJGrev","Published document","2020-11-09","https://esterotoday.com/veterans-day-home-base-2020-editedjgrev/","https://esterotoday.com/wp-content/uploads/2020/11/Veterans-Day-Home-Base-2020-editedJGrev.pdf","","","Veterans Day Home Base 2020 editedJGrev Veterans Day Home Base 2020 editedJGrev"
"document","doc-25184","AgendaNov2020","Published document","2020-11-06","https://esterotoday.com/agendanov2020/","https://esterotoday.com/wp-content/uploads/2020/11/AgendaNov2020.pdf","","","AgendaNov2020 AgendaNov2020"
"document","doc-25048","Octfinancials2020","Published document","2020-10-15","https://esterotoday.com/octfinancials2020/","https://esterotoday.com/wp-content/uploads/2020/10/Octfinancials2020.pdf","","","Octfinancials2020 Octfinancials2020"
"document","doc-25045","ECCLMinutesOct2020","Published document","2020-10-15","https://esterotoday.com/ecclminutesoct2020-2/","https://esterotoday.com/wp-content/uploads/2020/10/ECCLMinutesOct2020.pdf","","","ECCLMinutesOct2020 ECCLMinutesOct2020"
"document","doc-25011","Who-is-the-ECCL","Published document","2020-10-05","https://esterotoday.com/who-is-the-eccl/","https://esterotoday.com/wp-content/uploads/2020/10/Who-is-the-ECCL.pdf","","","Who-is-the-ECCL Who-is-the-ECCL"
"document","doc-25007","ECCLAgendaOct2020","Published document","2020-10-05","https://esterotoday.com/ecclagendaoct2020/","https://esterotoday.com/wp-content/uploads/2020/10/ECCLAgendaOct2020.pdf","","","ECCLAgendaOct2020 ECCLAgendaOct2020"
"document","doc-24876","Women’s Health Series October 2020","Published document","2020-09-23","https://esterotoday.com/womens-health-series-october-2020/","https://esterotoday.com/wp-content/uploads/2020/09/Womens-Health-Series-October-2020.pdf","","","Women’s Health Series October 2020 Women's Health Series October 2020"
"document","doc-24874","October Virtual HLC Calendar 2020","Published document","2020-09-23","https://esterotoday.com/october-virtual-hlc-calendar-2020/","https://esterotoday.com/wp-content/uploads/2020/09/October-Virtual-HLC-Calendar-2020.pdf","","","October Virtual HLC Calendar 2020 October Virtual HLC Calendar 2020"
"document","doc-24512","ECCL – Who are they","Published document","2020-09-10","https://esterotoday.com/eccl-who-are-they/","https://esterotoday.com/wp-content/uploads/2020/09/ECCL-Who-are-they.pdf","","","ECCL – Who are they ECCL - Who are they"
"document","doc-24421","AgendaSept2020","Published document","2020-09-08","https://esterotoday.com/agendasept2020/","https://esterotoday.com/wp-content/uploads/2020/09/AgendaSept2020.pdf","","","AgendaSept2020 AgendaSept2020"
"document","doc-24317","AugustFinancials 2020","Published document","2020-09-03","https://esterotoday.com/augustfinancials-2020/","https://esterotoday.com/wp-content/uploads/2020/09/AugustFinancials-2020.pdf","","","AugustFinancials 2020 AugustFinancials 2020"
"document","doc-24111","September 2020 LHCP","Published document","2020-08-26","https://esterotoday.com/september-2020-lhcp/","https://esterotoday.com/wp-content/uploads/2020/08/September-2020-LHCP.pdf","","","September 2020 LHCP September 2020 LHCP"
"document","doc-24061","GECRAug 2020E","Published document","2020-08-24","https://esterotoday.com/gecraug-2020e/","https://esterotoday.com/wp-content/uploads/2020/08/GECRAug-2020E.pdf","","","GECRAug 2020E GECRAug 2020E"
"document","doc-23762","FinancialsJuly2020","Published document","2020-08-11","https://esterotoday.com/financialsjuly2020/","https://esterotoday.com/wp-content/uploads/2020/08/FinancialsJuly2020.pdf","","","FinancialsJuly2020 FinancialsJuly2020"
"document","doc-23682","AgendaAug2020","Published document","2020-08-07","https://esterotoday.com/agendaaug2020/","https://esterotoday.com/wp-content/uploads/2020/08/AgendaAug2020.pdf","","","AgendaAug2020 AgendaAug2020"
"document","doc-23635","StudentsSouthZone","Published document","2020-08-05","https://esterotoday.com/more-students-equals-more-schools-needed-in-south-lee-county/studentssouthzone/","https://esterotoday.com/wp-content/uploads/2020/08/StudentsSouthZone.pdf","","","StudentsSouthZone StudentsSouthZone"
"document","doc-23412","Healthy Life Center Virtual Class Calendar August PRINT","Published document","2020-07-24","https://esterotoday.com/healthy-life-center-virtual-class-calendar-august-print/","https://esterotoday.com/wp-content/uploads/2020/07/Healthy-Life-Center-Virtual-Class-Calendar-August-PRINT.pdf","","","Healthy Life Center Virtual Class Calendar August PRINT Healthy Life Center Virtual Class Calendar August PRINT"
"document","doc-23025","July2020financials","Published document","2020-07-10","https://esterotoday.com/july2020financials/","https://esterotoday.com/wp-content/uploads/2020/07/July2020financials.pdf","","","July2020financials July2020financials"
"document","doc-22921","AgendaJuly2020","Published document","2020-07-03","https://esterotoday.com/agendajuly2020/","https://esterotoday.com/wp-content/uploads/2020/07/AgendaJuly2020.pdf","","","AgendaJuly2020 AgendaJuly2020"
"document","doc-22190","Healthy Life Center Virtual Class Calendar July Proof 5","Published document","2020-06-17","https://esterotoday.com/healthy-life-center-virtual-class-calendar-july-proof-5/","https://esterotoday.com/wp-content/uploads/2020/06/Healthy-Life-Center-Virtual-Class-Calendar-July-Proof-5.pdf","","","Healthy Life Center Virtual Class Calendar July Proof 5 Healthy Life Center Virtual Class Calendar July Proof 5"
"document","doc-22121","AntibodyBloodDonation","Published document","2020-06-12","https://esterotoday.com/join-us-for-the-lee-health-coconut-point-blood-drive/antibodyblooddonation/","https://esterotoday.com/wp-content/uploads/2020/06/AntibodyBloodDonation.pdf","","","AntibodyBloodDonation AntibodyBloodDonation"
"document","doc-22010","FinancialsJune2020","Published document","2020-06-05","https://esterotoday.com/financialsjune2020/","https://esterotoday.com/wp-content/uploads/2020/06/FinancialsJune2020.pdf","","","FinancialsJune2020 FinancialsJune2020"
"document","doc-21960","AgendaJune2020","Published document","2020-06-02","https://esterotoday.com/agendajune2020/","https://esterotoday.com/wp-content/uploads/2020/06/AgendaJune2020.pdf","","","AgendaJune2020 AgendaJune2020"
"document","doc-21792","financialsMay2020","Published document","2020-05-08","https://esterotoday.com/financialsmay2020/","https://esterotoday.com/wp-content/uploads/2020/05/financialsMay2020.pdf","","","financialsMay2020 financialsMay2020"
"document","doc-21678","Healthy Life Center Virtual Class Calendar proof 4","Published document","2020-04-20","https://esterotoday.com/healthy-life-center-virtual-class-calendar-proof-4/","https://esterotoday.com/wp-content/uploads/2020/04/Healthy-Life-Center-Virtual-Class-Calendar-proof-4.pdf","","","Healthy Life Center Virtual Class Calendar proof 4 Healthy Life Center Virtual Class Calendar proof 4"
"document","doc-21670","Online-BiddingInstructions Breaking Par","Published document","2020-04-20","https://esterotoday.com/online-biddinginstructions-breaking-par/","https://esterotoday.com/wp-content/uploads/2020/04/Online-BiddingInstructions-Breaking-Par.pdf","","","Online-BiddingInstructions Breaking Par Online-BiddingInstructions Breaking Par"
"document","doc-21633","FinancialsApril2020","Published document","2020-04-06","https://esterotoday.com/financialsapril2020/","https://esterotoday.com/wp-content/uploads/2020/04/FinancialsApril2020.pdf","","","FinancialsApril2020 FinancialsApril2020"
"document","doc-21632","Mar2020Financials","Published document","2020-04-06","https://esterotoday.com/mar2020financials/","https://esterotoday.com/wp-content/uploads/2020/04/Mar2020Financials.pdf","","","Mar2020Financials Mar2020Financials"
"document","doc-21631","Feb 2020 financials","Published document","2020-04-06","https://esterotoday.com/feb-2020-financials/","https://esterotoday.com/wp-content/uploads/2020/04/Feb-2020-financials.pdf","","","Feb 2020 financials Feb 2020 financials"
"document","doc-21605","GECRMar2020","Published document","2020-03-27","https://esterotoday.com/gecrmar2020/","https://esterotoday.com/wp-content/uploads/2020/03/GECRMar2020.pdf","","","GECRMar2020 GECRMar2020"
"document","doc-21589","EM Covid-19 letter","Published document","2020-03-27","https://esterotoday.com/em-covid-19-letter/","https://esterotoday.com/wp-content/uploads/2020/03/EM-Covid-19-letter.pdf","","","EM Covid-19 letter EM Covid-19 letter"
"document","doc-21528","ECCL Mailing Original","Published document","2020-03-09","https://esterotoday.com/eccl-mailing-original/","https://esterotoday.com/wp-content/uploads/2020/03/ECCL-Mailing-Original.pdf","","","ECCL Mailing Original ECCL Mailing Original"
"document","doc-21516","AgendaMar2020","Published document","2020-03-04","https://esterotoday.com/agendamar2020/","https://esterotoday.com/wp-content/uploads/2020/03/AgendaMar2020.pdf","","","AgendaMar2020 AgendaMar2020"
"document","doc-21429","Are We Doing Enough – No","Published document","2020-02-27","https://esterotoday.com/are-we-doing-enough-no/","https://esterotoday.com/wp-content/uploads/2020/02/Are-We-Doing-Enough-No.pdf","","","Are We Doing Enough – No Are We Doing Enough - No"
"document","doc-21405","project clean up","Published document","2020-02-18","https://esterotoday.com/project-clean-up/","https://esterotoday.com/wp-content/uploads/2020/02/project-clean-up.pdf","","","project clean up project clean up"
"document","doc-21400","ECCLMeetingSummaryFeb2020","Published document","2020-02-17","https://esterotoday.com/ecclmeetingsummaryfeb2020/","https://esterotoday.com/wp-content/uploads/2020/02/ECCLMeetingSummaryFeb2020.pdf","","","ECCLMeetingSummaryFeb2020 ECCLMeetingSummaryFeb2020"
"document","doc-21397","ECCLPresentationFeb2020","Published document","2020-02-17","https://esterotoday.com/ecclpresentationfeb2020/","https://esterotoday.com/wp-content/uploads/2020/02/ECCLPresentationFeb2020.pdf","","","ECCLPresentationFeb2020 ECCLPresentationFeb2020"
"document","doc-21396","Planning-for-the-Future-A-summary-report","Published document","2020-02-15","https://esterotoday.com/planning-for-the-future-a-summary-report/","https://esterotoday.com/wp-content/uploads/2020/02/Planning-for-the-Future-A-summary-report.pdf","","","Planning-for-the-Future-A-summary-report Planning-for-the-Future-A-summary-report"
"document","doc-21378","ECCLAgendaFeb2020","Published document","2020-02-05","https://esterotoday.com/ecclagendafeb2020/","https://esterotoday.com/wp-content/uploads/2020/02/ECCLAgendaFeb2020.pdf","","","ECCLAgendaFeb2020 ECCLAgendaFeb2020"
"document","doc-21191","Release Mentoring","Published document","2020-01-21","https://esterotoday.com/release-mentoring/","https://esterotoday.com/wp-content/uploads/2020/01/Release-Mentoring.pdf","","","Release Mentoring Release Mentoring"
"document","doc-21169","GECRJan2020","Published document","2020-01-15","https://esterotoday.com/gecrjan2020/","https://esterotoday.com/wp-content/uploads/2020/01/GECRJan2020.pdf","","","GECRJan2020 GECRJan2020"
"document","doc-21167","Jan-2020-monthly-meeting-final","Published document","2020-01-13","https://esterotoday.com/jan-2020-monthly-meeting-final/","https://esterotoday.com/wp-content/uploads/2020/01/Jan-2020-monthly-meeting-final.pdf","","","Jan-2020-monthly-meeting-final Jan-2020-monthly-meeting-final"
"document","doc-21165","ECCLReportJan2020","Published document","2020-01-13","https://esterotoday.com/ecclreportjan2020/","https://esterotoday.com/wp-content/uploads/2020/01/ECCLReportJan2020.pdf","","","ECCLReportJan2020 ECCLReportJan2020"
"document","doc-20996","AgendaJan2020","Published document","2020-01-02","https://esterotoday.com/agendajan2020-2/","https://esterotoday.com/wp-content/uploads/2020/01/AgendaJan2020-1.pdf","","","AgendaJan2020 AgendaJan2020"
"document","doc-20992","AgendaJan2020","Published document","2020-01-02","https://esterotoday.com/agendajan2020/","https://esterotoday.com/wp-content/uploads/2020/01/AgendaJan2020.pdf","","","AgendaJan2020 AgendaJan2020"
"document","doc-20894","ECCLReportDec2019","Published document","2019-12-18","https://esterotoday.com/ecclreportdec2019/","https://esterotoday.com/wp-content/uploads/2019/12/ECCLReportDec2019.pdf","","","ECCLReportDec2019 ECCLReportDec2019"
"document","doc-20889","PresentationDec2019","Published document","2019-12-16","https://esterotoday.com/presentationdec2019/","https://esterotoday.com/wp-content/uploads/2019/12/PresentationDec2019.pdf","","","PresentationDec2019 PresentationDec2019"
"document","doc-20880","12-16-19 -Impacted Wetlands CPA 2019-00001 Adoption","Published document","2019-12-16","https://esterotoday.com/12-16-19-impacted-wetlands-cpa-2019-00001-adoption/","https://esterotoday.com/wp-content/uploads/2019/12/12-16-19-Impacted-Wetlands-CPA-2019-00001-Adoption.pdf","","","12-16-19 -Impacted Wetlands CPA 2019-00001 Adoption 12-16-19 -Impacted Wetlands CPA 2019-00001 Adoption"
"document","doc-20853","Dec2019Financials","Published document","2019-12-11","https://esterotoday.com/dec2019financials/","https://esterotoday.com/wp-content/uploads/2019/12/Dec2019Financials.pdf","","","Dec2019Financials Dec2019Financials"
"document","doc-20833","AgendaDec2019","Published document","2019-12-10","https://esterotoday.com/agendadec2019/","https://esterotoday.com/wp-content/uploads/2019/12/AgendaDec2019.pdf","","","AgendaDec2019 AgendaDec2019"
"document","doc-20731","Empowering Students for Success","Published document","2019-11-26","https://esterotoday.com/empowering-students-for-success-2/","https://esterotoday.com/wp-content/uploads/2019/11/Empowering-Students-for-Success.pdf","","","Empowering Students for Success Empowering Students for Success"
"document","doc-20671","HLC December 2019 Calendar","Published document","2019-11-22","https://esterotoday.com/hlc-december-2019-calendar-2/","https://esterotoday.com/wp-content/uploads/2019/11/HLC-December-2019-Calendar-1.pdf","","","HLC December 2019 Calendar HLC December 2019 Calendar"
"document","doc-20670","HLC December 2019 Calendar","Published document","2019-11-22","https://esterotoday.com/hlc-december-2019-calendar/","https://esterotoday.com/wp-content/uploads/2019/11/HLC-December-2019-Calendar.pdf","","","HLC December 2019 Calendar HLC December 2019 Calendar"
"document","doc-20650","PresentationNov2019JGrev","Published document","2019-11-13","https://esterotoday.com/presentationnov2019jgrev/","https://esterotoday.com/wp-content/uploads/2019/11/PresentationNov2019JGrev.pdf","","","PresentationNov2019JGrev PresentationNov2019JGrev"
"document","doc-20646","Blood Mobile Nov.19","Published document","2019-11-12","https://esterotoday.com/blood-mobile-nov-19/","https://esterotoday.com/wp-content/uploads/2019/11/Blood-Mobile-Nov.19.pdf","","","Blood Mobile Nov.19 Blood Mobile Nov.19"
"document","doc-20643","FinancialsNov2019","Published document","2019-11-11","https://esterotoday.com/financialsnov2019/","https://esterotoday.com/wp-content/uploads/2019/11/FinancialsNov2019.pdf","","","FinancialsNov2019 FinancialsNov2019"
"document","doc-20639","ECCLReportNov2019","Published document","2019-11-11","https://esterotoday.com/ecclreportnov2019/","https://esterotoday.com/wp-content/uploads/2019/11/ECCLReportNov2019.pdf","","","ECCLReportNov2019 ECCLReportNov2019"
"document","doc-20628","Conservation 2020 Program Overview_ECCL_11.8.2019","Published document","2019-11-11","https://esterotoday.com/conservation-2020-program-overview_eccl_11-8-2019/","https://esterotoday.com/wp-content/uploads/2019/11/Conservation-2020-Program-Overview_ECCL_11.8.2019.pdf","","","Conservation 2020 Program Overview_ECCL_11.8.2019 Conservation 2020 Program Overview_ECCL_11.8.2019"
"document","doc-20551","AgendaNov2019","Published document","2019-10-31","https://esterotoday.com/agendanov2019/","https://esterotoday.com/wp-content/uploads/2019/10/AgendaNov2019.pdf","","","AgendaNov2019 AgendaNov2019"
"document","doc-20509","PresentationOct2019","Published document","2019-10-21","https://esterotoday.com/presentationoct2019/","https://esterotoday.com/wp-content/uploads/2019/10/PresentationOct2019.pdf","","","PresentationOct2019 PresentationOct2019"
"document","doc-20506","ECCLReportOct2019","Published document","2019-10-21","https://esterotoday.com/ecclreportoct2019/","https://esterotoday.com/wp-content/uploads/2019/10/ECCLReportOct2019.pdf","","","ECCLReportOct2019 ECCLReportOct2019"
"document","doc-20468","Shadow_Wood_Flier_2019","Published document","2019-10-15","https://esterotoday.com/4th-annual-an-evening-under-the-shadow-wood/shadow_wood_flier_2019/","https://esterotoday.com/wp-content/uploads/2019/10/Shadow_Wood_Flier_2019.pdf","","","Shadow_Wood_Flier_2019 Shadow_Wood_Flier_2019"
"document","doc-20381","AgendaOct2019","Published document","2019-10-04","https://esterotoday.com/agendaoct2019-2/","https://esterotoday.com/wp-content/uploads/2019/10/AgendaOct2019-1.pdf","","","AgendaOct2019 AgendaOct2019"
"document","doc-20376","FinancialsOct2019","Published document","2019-10-04","https://esterotoday.com/financialsoct2019/","https://esterotoday.com/wp-content/uploads/2019/10/FinancialsOct2019.pdf","","","FinancialsOct2019 FinancialsOct2019"
"document","doc-20364","AgendaOct2019","Published document","2019-10-03","https://esterotoday.com/agendaoct2019/","https://esterotoday.com/wp-content/uploads/2019/10/AgendaOct2019.pdf","","","AgendaOct2019 AgendaOct2019"
"document","doc-20307","Sep 2019 monthly meeting","Published document","2019-09-16","https://esterotoday.com/sep-2019-monthly-meeting/","https://esterotoday.com/wp-content/uploads/2019/09/Sep-2019-monthly-meeting.pdf","","","Sep 2019 monthly meeting Sep 2019 monthly meeting"
"document","doc-20257","AgendaSept2019","Published document","2019-09-09","https://esterotoday.com/agendasept2019/","https://esterotoday.com/wp-content/uploads/2019/09/AgendaSept2019.pdf","","","AgendaSept2019 AgendaSept2019"
"document","doc-20255","Sept2019financials","Published document","2019-09-09","https://esterotoday.com/sept2019financials/","https://esterotoday.com/wp-content/uploads/2019/09/Sept2019financials.pdf","","","Sept2019financials Sept2019financials"
"document","doc-19952","ECCLReportAug2019","Published document","2019-08-12","https://esterotoday.com/ecclreportaug2019/","https://esterotoday.com/wp-content/uploads/2019/08/ECCLReportAug2019.pdf","","","ECCLReportAug2019 ECCLReportAug2019"
"document","doc-19944","Aug2019Presentation","Published document","2019-08-12","https://esterotoday.com/aug2019presentation/","https://esterotoday.com/wp-content/uploads/2019/08/Aug2019Presentation.pdf","","","Aug2019Presentation Aug2019Presentation"
"document","doc-19861","AgendaAug2019","Published document","2019-08-06","https://esterotoday.com/agendaaug2019-3/","https://esterotoday.com/wp-content/uploads/2019/08/AgendaAug2019-2.pdf","","","AgendaAug2019 AgendaAug2019"
"document","doc-19860","AgendaAug2019","Published document","2019-08-06","https://esterotoday.com/agendaaug2019-2/","https://esterotoday.com/wp-content/uploads/2019/08/AgendaAug2019-1.pdf","","","AgendaAug2019 AgendaAug2019"
"document","doc-19859","AgendaAug2019","Published document","2019-08-06","https://esterotoday.com/agendaaug2019/","https://esterotoday.com/wp-content/uploads/2019/08/AgendaAug2019.pdf","","","AgendaAug2019 AgendaAug2019"
"document","doc-19845","FinancialsAug2019","Published document","2019-08-05","https://esterotoday.com/financialsaug2019/","https://esterotoday.com/wp-content/uploads/2019/08/FinancialsAug2019.pdf","","","FinancialsAug2019 FinancialsAug2019"
"document","doc-19634","ECCLReportJuly2019","Published document","2019-07-22","https://esterotoday.com/ecclreportjuly2019/","https://esterotoday.com/wp-content/uploads/2019/07/ECCLReportJuly2019.pdf","","","ECCLReportJuly2019 ECCLReportJuly2019"
"document","doc-18729","ECCL-Member Approved Bylaws-Approved 7.12.19 Final","Published document","2019-07-13","https://esterotoday.com/eccl-member-approved-bylaws-approved-7-12-19-final/","https://esterotoday.com/wp-content/uploads/2019/07/ECCL-Member-Approved-Bylaws-Approved-7.12.19-Final.pdf","","","ECCL-Member Approved Bylaws-Approved 7.12.19 Final ECCL-Member Approved Bylaws-Approved 7.12.19 Final"
"document","doc-18723","June2019ECCLReportAttachments","Published document","2019-07-10","https://esterotoday.com/june2019ecclreportattachments/","https://esterotoday.com/wp-content/uploads/2019/07/June2019ECCLReportAttachments.pdf","","","June2019ECCLReportAttachments June2019ECCLReportAttachments"
"document","doc-18722","June2019ECCLReport","Published document","2019-07-10","https://esterotoday.com/june2019ecclreport/","https://esterotoday.com/wp-content/uploads/2019/07/June2019ECCLReport.pdf","","","June2019ECCLReport June2019ECCLReport"
"document","doc-18721","AgendaJune2019","Published document","2019-07-10","https://esterotoday.com/agendajune2019/","https://esterotoday.com/wp-content/uploads/2019/07/AgendaJune2019.pdf","","","AgendaJune2019 AgendaJune2019"
"document","doc-18719","AgendaJuly2019","Published document","2019-07-10","https://esterotoday.com/agendajuly2019/","https://esterotoday.com/wp-content/uploads/2019/07/AgendaJuly2019.pdf","","","AgendaJuly2019 AgendaJuly2019"
"document","doc-18715","FinancialsJune2019","Published document","2019-07-08","https://esterotoday.com/financialsjune2019/","https://esterotoday.com/wp-content/uploads/2019/07/FinancialsJune2019.pdf","","","FinancialsJune2019 FinancialsJune2019"
"document","doc-18712","FinancialsJuly2019","Published document","2019-07-08","https://esterotoday.com/financialsjuly2019/","https://esterotoday.com/wp-content/uploads/2019/07/FinancialsJuly2019.pdf","","","FinancialsJuly2019 FinancialsJuly2019"
"document","doc-18232","2016JuneEDR","Published document","2019-06-18","https://esterotoday.com/2016juneedr-2/","https://esterotoday.com/wp-content/uploads/2019/06/2016JuneEDR-2.pdf","","","2016JuneEDR 2016JuneEDR"
"document","doc-18224","2016Q1Report","Published document","2019-06-18","https://esterotoday.com/2016q1report/","https://esterotoday.com/wp-content/uploads/2019/06/2016Q1Report.pdf","","","2016Q1Report 2016Q1Report"
"document","doc-18204","EDRApr2017","Published document","2019-06-18","https://esterotoday.com/edrapr2017/","https://esterotoday.com/wp-content/uploads/2019/06/EDRApr2017.pdf","","","EDRApr2017 EDRApr2017"
"document","doc-18203","EDRApr2015","Published document","2019-06-18","https://esterotoday.com/edrapr2015/","https://esterotoday.com/wp-content/uploads/2019/06/EDRApr2015.pdf","","","EDRApr2015 EDRApr2015"
"document","doc-18202","EDRApr2014","Published document","2019-06-18","https://esterotoday.com/edrapr2014/","https://esterotoday.com/wp-content/uploads/2019/06/EDRApr2014.pdf","","","EDRApr2014 EDRApr2014"
"document","doc-18201","2016NovEDR","Published document","2019-06-18","https://esterotoday.com/2016novedr/","https://esterotoday.com/wp-content/uploads/2019/06/2016NovEDR.pdf","","","2016NovEDR 2016NovEDR"
"document","doc-18200","2016JuneEDR-1","Published document","2019-06-18","https://esterotoday.com/2016juneedr-1/","https://esterotoday.com/wp-content/uploads/2019/06/2016JuneEDR-1.pdf","","","2016JuneEDR-1 2016JuneEDR-1"
"document","doc-18199","2016JuneEDR","Published document","2019-06-18","https://esterotoday.com/2016juneedr/","https://esterotoday.com/wp-content/uploads/2019/06/2016JuneEDR.pdf","","","2016JuneEDR 2016JuneEDR"
"document","doc-18198","2016DecEDRb","Published document","2019-06-18","https://esterotoday.com/2016decedrb/","https://esterotoday.com/wp-content/uploads/2019/06/2016DecEDRb.pdf","","","2016DecEDRb 2016DecEDRb"
"document","doc-18197","2016AugEDR","Published document","2019-06-18","https://esterotoday.com/2016augedr/","https://esterotoday.com/wp-content/uploads/2019/06/2016AugEDR.pdf","","","2016AugEDR 2016AugEDR"
"document","doc-18196","EDRSeptember2018","Published document","2019-06-18","https://esterotoday.com/edrseptember2018/","https://esterotoday.com/wp-content/uploads/2019/06/EDRSeptember2018.pdf","","","EDRSeptember2018 EDRSeptember2018"
"document","doc-18195","EDRSept2015","Published document","2019-06-18","https://esterotoday.com/edrsept2015/","https://esterotoday.com/wp-content/uploads/2019/06/EDRSept2015.pdf","","","EDRSept2015 EDRSept2015"
"document","doc-18194","EDRSept2014","Published document","2019-06-18","https://esterotoday.com/edrsept2014/","https://esterotoday.com/wp-content/uploads/2019/06/EDRSept2014.pdf","","","EDRSept2014 EDRSept2014"
"document","doc-18193","EDRSep2017","Published document","2019-06-18","https://esterotoday.com/edrsep2017/","https://esterotoday.com/wp-content/uploads/2019/06/EDRSep2017.pdf","","","EDRSep2017 EDRSep2017"
"document","doc-18192","EDROctober2018","Published document","2019-06-18","https://esterotoday.com/edroctober2018/","https://esterotoday.com/wp-content/uploads/2019/06/EDROctober2018.pdf","","","EDROctober2018 EDROctober2018"
"document","doc-18191","EDROct2017","Published document","2019-06-18","https://esterotoday.com/edroct2017-2/","https://esterotoday.com/wp-content/uploads/2019/06/EDROct2017.pdf","","","EDROct2017 EDROct2017"
"document","doc-18190","EDROct2015","Published document","2019-06-18","https://esterotoday.com/edroct2015/","https://esterotoday.com/wp-content/uploads/2019/06/EDROct2015.pdf","","","EDROct2015 EDROct2015"
"document","doc-18189","EDROct2014","Published document","2019-06-18","https://esterotoday.com/edroct2014/","https://esterotoday.com/wp-content/uploads/2019/06/EDROct2014.pdf","","","EDROct2014 EDROct2014"
"document","doc-18188","EDRNovember2018","Published document","2019-06-18","https://esterotoday.com/edrnovember2018/","https://esterotoday.com/wp-content/uploads/2019/06/EDRNovember2018.pdf","","","EDRNovember2018 EDRNovember2018"
"document","doc-18187","EDRNov2017","Published document","2019-06-18","https://esterotoday.com/edrnov2017/","https://esterotoday.com/wp-content/uploads/2019/06/EDRNov2017.pdf","","","EDRNov2017 EDRNov2017"
"document","doc-18186","EDRNov2015-1","Published document","2019-06-18","https://esterotoday.com/edrnov2015-1/","https://esterotoday.com/wp-content/uploads/2019/06/EDRNov2015-1.pdf","","","EDRNov2015-1 EDRNov2015-1"
"document","doc-18185","EDRNov2015","Published document","2019-06-18","https://esterotoday.com/edrnov2015/","https://esterotoday.com/wp-content/uploads/2019/06/EDRNov2015.pdf","","","EDRNov2015 EDRNov2015"
"document","doc-18184","EDRNov2014","Published document","2019-06-18","https://esterotoday.com/edrnov2014/","https://esterotoday.com/wp-content/uploads/2019/06/EDRNov2014.pdf","","","EDRNov2014 EDRNov2014"
"document","doc-18183","EDRMay2017","Published document","2019-06-18","https://esterotoday.com/edrmay2017/","https://esterotoday.com/wp-content/uploads/2019/06/EDRMay2017.pdf","","","EDRMay2017 EDRMay2017"
"document","doc-18182","EDRMay2014","Published document","2019-06-18","https://esterotoday.com/edrmay2014/","https://esterotoday.com/wp-content/uploads/2019/06/EDRMay2014.pdf","","","EDRMay2014 EDRMay2014"
"document","doc-18181","EDRMarch2019","Published document","2019-06-18","https://esterotoday.com/edrmarch2019/","https://esterotoday.com/wp-content/uploads/2019/06/EDRMarch2019.pdf","","","EDRMarch2019 EDRMarch2019"
"document","doc-18180","EDRMarch2015","Published document","2019-06-18","https://esterotoday.com/edrmarch2015/","https://esterotoday.com/wp-content/uploads/2019/06/EDRMarch2015.pdf","","","EDRMarch2015 EDRMarch2015"
"document","doc-18179","EDRMarch2014b","Published document","2019-06-18","https://esterotoday.com/edrmarch2014b/","https://esterotoday.com/wp-content/uploads/2019/06/EDRMarch2014b.pdf","","","EDRMarch2014b EDRMarch2014b"
"document","doc-18178","EDRMarch2014","Published document","2019-06-18","https://esterotoday.com/edrmarch2014/","https://esterotoday.com/wp-content/uploads/2019/06/EDRMarch2014.pdf","","","EDRMarch2014 EDRMarch2014"
"document","doc-18177","EDRMar2015","Published document","2019-06-18","https://esterotoday.com/edrmar2015/","https://esterotoday.com/wp-content/uploads/2019/06/EDRMar2015.pdf","","","EDRMar2015 EDRMar2015"
"document","doc-18176","EDRJuneJuly2015","Published document","2019-06-18","https://esterotoday.com/edrjunejuly2015/","https://esterotoday.com/wp-content/uploads/2019/06/EDRJuneJuly2015.pdf","","","EDRJuneJuly2015 EDRJuneJuly2015"
"document","doc-18175","EDRJune2018","Published document","2019-06-18","https://esterotoday.com/edrjune2018/","https://esterotoday.com/wp-content/uploads/2019/06/EDRJune2018.pdf","","","EDRJune2018 EDRJune2018"
"document","doc-18174","EDRJune2017","Published document","2019-06-18","https://esterotoday.com/edrjune2017/","https://esterotoday.com/wp-content/uploads/2019/06/EDRJune2017.pdf","","","EDRJune2017 EDRJune2017"
"document","doc-18173","EDRJuly2018","Published document","2019-06-18","https://esterotoday.com/edrjuly2018/","https://esterotoday.com/wp-content/uploads/2019/06/EDRJuly2018.pdf","","","EDRJuly2018 EDRJuly2018"
"document","doc-18172","EDRJuly2017b","Published document","2019-06-18","https://esterotoday.com/edrjuly2017b/","https://esterotoday.com/wp-content/uploads/2019/06/EDRJuly2017b.pdf","","","EDRJuly2017b EDRJuly2017b"
"document","doc-18171","EDRJanuary2019","Published document","2019-06-18","https://esterotoday.com/edrjanuary2019/","https://esterotoday.com/wp-content/uploads/2019/06/EDRJanuary2019.pdf","","","EDRJanuary2019 EDRJanuary2019"
"document","doc-18170","EDRJan2018","Published document","2019-06-18","https://esterotoday.com/edrjan2018/","https://esterotoday.com/wp-content/uploads/2019/06/EDRJan2018.pdf","","","EDRJan2018 EDRJan2018"
"document","doc-18169","EDRJan2017b","Published document","2019-06-18","https://esterotoday.com/edrjan2017b/","https://esterotoday.com/wp-content/uploads/2019/06/EDRJan2017b.pdf","","","EDRJan2017b EDRJan2017b"
"document","doc-18168","EDRJan2015","Published document","2019-06-18","https://esterotoday.com/edrjan2015/","https://esterotoday.com/wp-content/uploads/2019/06/EDRJan2015.pdf","","","EDRJan2015 EDRJan2015"
"document","doc-18167","EDRJan2014","Published document","2019-06-18","https://esterotoday.com/edrjan2014/","https://esterotoday.com/wp-content/uploads/2019/06/EDRJan2014.pdf","","","EDRJan2014 EDRJan2014"
"document","doc-18166","EDRFeb2018","Published document","2019-06-18","https://esterotoday.com/edrfeb2018/","https://esterotoday.com/wp-content/uploads/2019/06/EDRFeb2018.pdf","","","EDRFeb2018 EDRFeb2018"
"document","doc-18165","EDRFeb2017-1","Published document","2019-06-18","https://esterotoday.com/edrfeb2017-1/","https://esterotoday.com/wp-content/uploads/2019/06/EDRFeb2017-1.pdf","","","EDRFeb2017-1 EDRFeb2017-1"
"document","doc-18164","EDRFeb2017","Published document","2019-06-18","https://esterotoday.com/edrfeb2017-2/","https://esterotoday.com/wp-content/uploads/2019/06/EDRFeb2017.pdf","","","EDRFeb2017 EDRFeb2017"
"document","doc-18163","EDRFeb2015","Published document","2019-06-18","https://esterotoday.com/edrfeb2015/","https://esterotoday.com/wp-content/uploads/2019/06/EDRFeb2015.pdf","","","EDRFeb2015 EDRFeb2015"
"document","doc-18162","EDRFeb2014.doc","Published document","2019-06-18","https://esterotoday.com/edrfeb2014-doc/","https://esterotoday.com/wp-content/uploads/2019/06/EDRFeb2014.doc.pdf","","","EDRFeb2014.doc EDRFeb2014.doc"
"document","doc-18161","EDRDecember2018","Published document","2019-06-18","https://esterotoday.com/edrdecember2018/","https://esterotoday.com/wp-content/uploads/2019/06/EDRDecember2018.pdf","","","EDRDecember2018 EDRDecember2018"
"document","doc-18160","EDRDec20141","Published document","2019-06-18","https://esterotoday.com/edrdec20141/","https://esterotoday.com/wp-content/uploads/2019/06/EDRDec20141.pdf","","","EDRDec20141 EDRDec20141"
"document","doc-18159","EDRDec2017","Published document","2019-06-18","https://esterotoday.com/edrdec2017/","https://esterotoday.com/wp-content/uploads/2019/06/EDRDec2017.pdf","","","EDRDec2017 EDRDec2017"
"document","doc-18158","EDRDec2015b","Published document","2019-06-18","https://esterotoday.com/edrdec2015b/","https://esterotoday.com/wp-content/uploads/2019/06/EDRDec2015b.pdf","","","EDRDec2015b EDRDec2015b"
"document","doc-18157","EDRDec2014","Published document","2019-06-18","https://esterotoday.com/edrdec2014/","https://esterotoday.com/wp-content/uploads/2019/06/EDRDec2014.pdf","","","EDRDec2014 EDRDec2014"
"document","doc-18156","EDRAugust2018","Published document","2019-06-18","https://esterotoday.com/edraugust2018/","https://esterotoday.com/wp-content/uploads/2019/06/EDRAugust2018.pdf","","","EDRAugust2018 EDRAugust2018"
"document","doc-18155","EDRAugust2014","Published document","2019-06-18","https://esterotoday.com/edraugust2014/","https://esterotoday.com/wp-content/uploads/2019/06/EDRAugust2014.pdf","","","EDRAugust2014 EDRAugust2014"
"document","doc-18154","EDRAug2017","Published document","2019-06-18","https://esterotoday.com/edraug2017/","https://esterotoday.com/wp-content/uploads/2019/06/EDRAug2017.pdf","","","EDRAug2017 EDRAug2017"
"document","doc-18153","EDRApril2019","Published document","2019-06-18","https://esterotoday.com/edrapril2019/","https://esterotoday.com/wp-content/uploads/2019/06/EDRApril2019.pdf","","","EDRApril2019 EDRApril2019"
"document","doc-18150","EDRNov2013","Published document","2019-06-18","https://esterotoday.com/edrnov2013/","https://esterotoday.com/wp-content/uploads/2019/06/EDRNov2013.pdf","","","EDRNov2013 EDRNov2013"
"document","doc-18145","October-2007EDR","Published document","2019-06-18","https://esterotoday.com/october-2007edr/","https://esterotoday.com/wp-content/uploads/2019/06/October-2007EDR.pdf","","","October-2007EDR October-2007EDR"
"document","doc-18144","March2010EDR","Published document","2019-06-18","https://esterotoday.com/march2010edr/","https://esterotoday.com/wp-content/uploads/2019/06/March2010EDR.pdf","","","March2010EDR March2010EDR"
"document","doc-18143","EsteroDevelopmentReportOctober2008","Published document","2019-06-18","https://esterotoday.com/esterodevelopmentreportoctober2008/","https://esterotoday.com/wp-content/uploads/2019/06/EsteroDevelopmentReportOctober2008.pdf","","","EsteroDevelopmentReportOctober2008 EsteroDevelopmentReportOctober2008"
"document","doc-18142","EsteroDevelopmentReportNovember2008","Published document","2019-06-18","https://esterotoday.com/esterodevelopmentreportnovember2008/","https://esterotoday.com/wp-content/uploads/2019/06/EsteroDevelopmentReportNovember2008.pdf","","","EsteroDevelopmentReportNovember2008 EsteroDevelopmentReportNovember2008"
"document","doc-18141","EsteroDevelopmentReportMay2008","Published document","2019-06-18","https://esterotoday.com/esterodevelopmentreportmay2008/","https://esterotoday.com/wp-content/uploads/2019/06/EsteroDevelopmentReportMay2008.pdf","","","EsteroDevelopmentReportMay2008 EsteroDevelopmentReportMay2008"
"document","doc-18140","Estero-Development-Report-March-2008","Published document","2019-06-18","https://esterotoday.com/estero-development-report-march-2008/","https://esterotoday.com/wp-content/uploads/2019/06/Estero-Development-Report-March-2008.pdf","","","Estero-Development-Report-March-2008 Estero-Development-Report-March-2008"
"document","doc-18139","EsteroDevelopmentReportJune2008","Published document","2019-06-18","https://esterotoday.com/esterodevelopmentreportjune2008/","https://esterotoday.com/wp-content/uploads/2019/06/EsteroDevelopmentReportJune2008.pdf","","","EsteroDevelopmentReportJune2008 EsteroDevelopmentReportJune2008"
"document","doc-18138","Estero-Development-Report-April-2008","Published document","2019-06-18","https://esterotoday.com/estero-development-report-april-2008/","https://esterotoday.com/wp-content/uploads/2019/06/Estero-Development-Report-April-2008.pdf","","","Estero-Development-Report-April-2008 Estero-Development-Report-April-2008"
"document","doc-18137","Estero Development Report Sept 2008","Published document","2019-06-18","https://esterotoday.com/estero-development-report-sept-2008/","https://esterotoday.com/wp-content/uploads/2019/06/Estero-Development-Report-Sept-2008.pdf","","","Estero Development Report Sept 2008 Estero Development Report Sept 2008"
"document","doc-18136","Estero Development Report Sept 2007","Published document","2019-06-18","https://esterotoday.com/estero-development-report-sept-2007/","https://esterotoday.com/wp-content/uploads/2019/06/Estero-Development-Report-Sept-2007.pdf","","","Estero Development Report Sept 2007 Estero Development Report Sept 2007"
"document","doc-18135","Estero Development Report July 2007","Published document","2019-06-18","https://esterotoday.com/estero-development-report-july-2007/","https://esterotoday.com/wp-content/uploads/2019/06/Estero-Development-Report-July-2007.pdf","","","Estero Development Report July 2007 Estero Development Report July 2007"
"document","doc-18134","Estero Development Report Jan 2008","Published document","2019-06-18","https://esterotoday.com/estero-development-report-jan-2008/","https://esterotoday.com/wp-content/uploads/2019/06/Estero-Development-Report-Jan-2008.pdf","","","Estero Development Report Jan 2008 Estero Development Report Jan 2008"
"document","doc-18133","Estero Development Report Feb 2008","Published document","2019-06-18","https://esterotoday.com/estero-development-report-feb-2008/","https://esterotoday.com/wp-content/uploads/2019/06/Estero-Development-Report-Feb-2008.pdf","","","Estero Development Report Feb 2008 Estero Development Report Feb 2008"
"document","doc-18132","Estero Development Report August 2008","Published document","2019-06-18","https://esterotoday.com/estero-development-report-august-2008/","https://esterotoday.com/wp-content/uploads/2019/06/Estero-Development-Report-August-2008.pdf","","","Estero Development Report August 2008 Estero Development Report August 2008"
"document","doc-18131","Estero Development Report August 2007","Published document","2019-06-18","https://esterotoday.com/estero-development-report-august-2007/","https://esterotoday.com/wp-content/uploads/2019/06/Estero-Development-Report-August-2007.pdf","","","Estero Development Report August 2007 Estero Development Report August 2007"
"document","doc-18130","Estero Development Report — Nov 2007","Published document","2019-06-18","https://esterotoday.com/estero-development-report-nov-2007/","https://esterotoday.com/wp-content/uploads/2019/06/Estero-Development-Report-Nov-2007.pdf","","","Estero Development Report — Nov 2007 Estero Development Report -- Nov 2007"
"document","doc-18129","Estero Development Report — January 2006","Published document","2019-06-18","https://esterotoday.com/estero-development-report-january-2006/","https://esterotoday.com/wp-content/uploads/2019/06/Estero-Development-Report-January-2006.pdf","","","Estero Development Report — January 2006 Estero Development Report -- January 2006"
"document","doc-18128","Estero Development Report — December 2007","Published document","2019-06-18","https://esterotoday.com/estero-development-report-december-2007/","https://esterotoday.com/wp-content/uploads/2019/06/Estero-Development-Report-December-2007.pdf","","","Estero Development Report — December 2007 Estero Development Report -- December 2007"
"document","doc-18127","EDRSeptember2012","Published document","2019-06-18","https://esterotoday.com/edrseptember2012/","https://esterotoday.com/wp-content/uploads/2019/06/EDRSeptember2012.pdf","","","EDRSeptember2012 EDRSeptember2012"
"document","doc-18126","EDRSeptember2011","Published document","2019-06-18","https://esterotoday.com/edrseptember2011/","https://esterotoday.com/wp-content/uploads/2019/06/EDRSeptember2011.pdf","","","EDRSeptember2011 EDRSeptember2011"
"document","doc-18125","EDRSeptember2010","Published document","2019-06-18","https://esterotoday.com/edrseptember2010/","https://esterotoday.com/wp-content/uploads/2019/06/EDRSeptember2010.pdf","","","EDRSeptember2010 EDRSeptember2010"
"document","doc-18124","EDRSept2013","Published document","2019-06-18","https://esterotoday.com/edrsept2013/","https://esterotoday.com/wp-content/uploads/2019/06/EDRSept2013.pdf","","","EDRSept2013 EDRSept2013"
"document","doc-18123","EDR-Sept-2009","Published document","2019-06-18","https://esterotoday.com/edr-sept-2009/","https://esterotoday.com/wp-content/uploads/2019/06/EDR-Sept-2009.pdf","","","EDR-Sept-2009 EDR-Sept-2009"
"document","doc-18122","EDROctober2012","Published document","2019-06-18","https://esterotoday.com/edroctober2012/","https://esterotoday.com/wp-content/uploads/2019/06/EDROctober2012.pdf","","","EDROctober2012 EDROctober2012"
"document","doc-18121","EDROctober2011","Published document","2019-06-18","https://esterotoday.com/edroctober2011/","https://esterotoday.com/wp-content/uploads/2019/06/EDROctober2011.pdf","","","EDROctober2011 EDROctober2011"
"document","doc-18120","EDROctober2010","Published document","2019-06-18","https://esterotoday.com/edroctober2010/","https://esterotoday.com/wp-content/uploads/2019/06/EDROctober2010.pdf","","","EDROctober2010 EDROctober2010"
"document","doc-18119","EDROct2013","Published document","2019-06-18","https://esterotoday.com/edroct2013/","https://esterotoday.com/wp-content/uploads/2019/06/EDROct2013.pdf","","","EDROct2013 EDROct2013"
"document","doc-18118","EDRNovember2012","Published document","2019-06-18","https://esterotoday.com/edrnovember2012/","https://esterotoday.com/wp-content/uploads/2019/06/EDRNovember2012.pdf","","","EDRNovember2012 EDRNovember2012"
"document","doc-18117","EDRNovember2011","Published document","2019-06-18","https://esterotoday.com/edrnovember2011/","https://esterotoday.com/wp-content/uploads/2019/06/EDRNovember2011.pdf","","","EDRNovember2011 EDRNovember2011"
"document","doc-18116","EDRNovember2010","Published document","2019-06-18","https://esterotoday.com/edrnovember2010/","https://esterotoday.com/wp-content/uploads/2019/06/EDRNovember2010.pdf","","","EDRNovember2010 EDRNovember2010"
"document","doc-18115","EDRNovember2009","Published document","2019-06-18","https://esterotoday.com/edrnovember2009/","https://esterotoday.com/wp-content/uploads/2019/06/EDRNovember2009.pdf","","","EDRNovember2009 EDRNovember2009"
"document","doc-18114","EDRMay2013","Published document","2019-06-18","https://esterotoday.com/edrmay2013/","https://esterotoday.com/wp-content/uploads/2019/06/EDRMay2013.pdf","","","EDRMay2013 EDRMay2013"
"document","doc-18113","EDRMay2012","Published document","2019-06-18","https://esterotoday.com/edrmay2012/","https://esterotoday.com/wp-content/uploads/2019/06/EDRMay2012.pdf","","","EDRMay2012 EDRMay2012"
"document","doc-18112","EDRMay2011","Published document","2019-06-18","https://esterotoday.com/edrmay2011/","https://esterotoday.com/wp-content/uploads/2019/06/EDRMay2011.pdf","","","EDRMay2011 EDRMay2011"
"document","doc-18111","EDRMay2010","Published document","2019-06-18","https://esterotoday.com/edrmay2010/","https://esterotoday.com/wp-content/uploads/2019/06/EDRMay2010.pdf","","","EDRMay2010 EDRMay2010"
"document","doc-18110","EDR-May-2009","Published document","2019-06-18","https://esterotoday.com/edr-may-2009/","https://esterotoday.com/wp-content/uploads/2019/06/EDR-May-2009.pdf","","","EDR-May-2009 EDR-May-2009"
"document","doc-18109","EDRMarch2012","Published document","2019-06-18","https://esterotoday.com/edrmarch2012/","https://esterotoday.com/wp-content/uploads/2019/06/EDRMarch2012.pdf","","","EDRMarch2012 EDRMarch2012"
"document","doc-18108","EDRMarch2011","Published document","2019-06-18","https://esterotoday.com/edrmarch2011/","https://esterotoday.com/wp-content/uploads/2019/06/EDRMarch2011.pdf","","","EDRMarch2011 EDRMarch2011"
"document","doc-18107","EDRMar2013","Published document","2019-06-18","https://esterotoday.com/edrmar2013/","https://esterotoday.com/wp-content/uploads/2019/06/EDRMar2013.pdf","","","EDRMar2013 EDRMar2013"
"document","doc-18106","EDRJune2013","Published document","2019-06-18","https://esterotoday.com/edrjune2013/","https://esterotoday.com/wp-content/uploads/2019/06/EDRJune2013.pdf","","","EDRJune2013 EDRJune2013"
"document","doc-18105","EDRJune2012","Published document","2019-06-18","https://esterotoday.com/edrjune2012/","https://esterotoday.com/wp-content/uploads/2019/06/EDRJune2012.pdf","","","EDRJune2012 EDRJune2012"
"document","doc-18104","EDRJune2011","Published document","2019-06-18","https://esterotoday.com/edrjune2011/","https://esterotoday.com/wp-content/uploads/2019/06/EDRJune2011.pdf","","","EDRJune2011 EDRJune2011"
"document","doc-18103","EDRJune2010","Published document","2019-06-18","https://esterotoday.com/edrjune2010/","https://esterotoday.com/wp-content/uploads/2019/06/EDRJune2010.pdf","","","EDRJune2010 EDRJune2010"
"document","doc-18102","EDR-June-2009","Published document","2019-06-18","https://esterotoday.com/edr-june-2009/","https://esterotoday.com/wp-content/uploads/2019/06/EDR-June-2009.pdf","","","EDR-June-2009 EDR-June-2009"
"document","doc-18101","EDRJanuary2012","Published document","2019-06-18","https://esterotoday.com/edrjanuary2012/","https://esterotoday.com/wp-content/uploads/2019/06/EDRJanuary2012.pdf","","","EDRJanuary2012 EDRJanuary2012"
"document","doc-18100","EDRJanuary2011","Published document","2019-06-18","https://esterotoday.com/edrjanuary2011/","https://esterotoday.com/wp-content/uploads/2019/06/EDRJanuary2011.pdf","","","EDRJanuary2011 EDRJanuary2011"
"document","doc-18099","EDRJanuary2009","Published document","2019-06-18","https://esterotoday.com/edrjanuary2009/","https://esterotoday.com/wp-content/uploads/2019/06/EDRJanuary2009.pdf","","","EDRJanuary2009 EDRJanuary2009"
"document","doc-18098","EDRJan2013","Published document","2019-06-18","https://esterotoday.com/edrjan2013/","https://esterotoday.com/wp-content/uploads/2019/06/EDRJan2013.pdf","","","EDRJan2013 EDRJan2013"
"document","doc-18097","EDRFebruary2012","Published document","2019-06-18","https://esterotoday.com/edrfebruary2012/","https://esterotoday.com/wp-content/uploads/2019/06/EDRFebruary2012.pdf","","","EDRFebruary2012 EDRFebruary2012"
"document","doc-18096","EDRFebruary2011","Published document","2019-06-18","https://esterotoday.com/edrfebruary2011/","https://esterotoday.com/wp-content/uploads/2019/06/EDRFebruary2011.pdf","","","EDRFebruary2011 EDRFebruary2011"
"document","doc-18095","EDRFebruary2010","Published document","2019-06-18","https://esterotoday.com/edrfebruary2010/","https://esterotoday.com/wp-content/uploads/2019/06/EDRFebruary2010.pdf","","","EDRFebruary2010 EDRFebruary2010"
"document","doc-18094","EDRFeb2013","Published document","2019-06-18","https://esterotoday.com/edrfeb2013/","https://esterotoday.com/wp-content/uploads/2019/06/EDRFeb2013.pdf","","","EDRFeb2013 EDRFeb2013"
"document","doc-18093","EDRFeb2009","Published document","2019-06-18","https://esterotoday.com/edrfeb2009/","https://esterotoday.com/wp-content/uploads/2019/06/EDRFeb2009.pdf","","","EDRFeb2009 EDRFeb2009"
"document","doc-18092","EDRDecember2011","Published document","2019-06-18","https://esterotoday.com/edrdecember2011/","https://esterotoday.com/wp-content/uploads/2019/06/EDRDecember2011.pdf","","","EDRDecember2011 EDRDecember2011"
"document","doc-18091","EDRDecember2010","Published document","2019-06-18","https://esterotoday.com/edrdecember2010/","https://esterotoday.com/wp-content/uploads/2019/06/EDRDecember2010.pdf","","","EDRDecember2010 EDRDecember2010"
"document","doc-18090","EDR-December2009","Published document","2019-06-18","https://esterotoday.com/edr-december2009/","https://esterotoday.com/wp-content/uploads/2019/06/EDR-December2009.pdf","","","EDR-December2009 EDR-December2009"
"document","doc-18089","EDRDecember2008","Published document","2019-06-18","https://esterotoday.com/edrdecember2008/","https://esterotoday.com/wp-content/uploads/2019/06/EDRDecember2008.pdf","","","EDRDecember2008 EDRDecember2008"
"document","doc-18088","EDRDec2013","Published document","2019-06-18","https://esterotoday.com/edrdec2013/","https://esterotoday.com/wp-content/uploads/2019/06/EDRDec2013.pdf","","","EDRDec2013 EDRDec2013"
"document","doc-18087","EDRDec2012","Published document","2019-06-18","https://esterotoday.com/edrdec2012/","https://esterotoday.com/wp-content/uploads/2019/06/EDRDec2012.pdf","","","EDRDec2012 EDRDec2012"
"document","doc-18086","EDRAugust2013","Published document","2019-06-18","https://esterotoday.com/edraugust2013/","https://esterotoday.com/wp-content/uploads/2019/06/EDRAugust2013.pdf","","","EDRAugust2013 EDRAugust2013"
"document","doc-18085","EDRAugust2012","Published document","2019-06-18","https://esterotoday.com/edraugust2012/","https://esterotoday.com/wp-content/uploads/2019/06/EDRAugust2012.pdf","","","EDRAugust2012 EDRAugust2012"
"document","doc-18084","EDRAugust2011","Published document","2019-06-18","https://esterotoday.com/edraugust2011/","https://esterotoday.com/wp-content/uploads/2019/06/EDRAugust2011.pdf","","","EDRAugust2011 EDRAugust2011"
"document","doc-18083","EDRAugust2010","Published document","2019-06-18","https://esterotoday.com/edraugust2010/","https://esterotoday.com/wp-content/uploads/2019/06/EDRAugust2010.pdf","","","EDRAugust2010 EDRAugust2010"
"document","doc-18082","EDR-August-2009","Published document","2019-06-18","https://esterotoday.com/edr-august-2009/","https://esterotoday.com/wp-content/uploads/2019/06/EDR-August-2009.pdf","","","EDR-August-2009 EDR-August-2009"
"document","doc-18081","EDRApril2012","Published document","2019-06-18","https://esterotoday.com/edrapril2012/","https://esterotoday.com/wp-content/uploads/2019/06/EDRApril2012.pdf","","","EDRApril2012 EDRApril2012"
"document","doc-18080","EDRApril2011","Published document","2019-06-18","https://esterotoday.com/edrapril2011/","https://esterotoday.com/wp-content/uploads/2019/06/EDRApril2011.pdf","","","EDRApril2011 EDRApril2011"
"document","doc-18079","EDRApril2010","Published document","2019-06-18","https://esterotoday.com/edrapril2010/","https://esterotoday.com/wp-content/uploads/2019/06/EDRApril2010.pdf","","","EDRApril2010 EDRApril2010"
"document","doc-18078","EDRApril2009","Published document","2019-06-18","https://esterotoday.com/edrapril2009/","https://esterotoday.com/wp-content/uploads/2019/06/EDRApril2009.pdf","","","EDRApril2009 EDRApril2009"
"document","doc-18077","EDRApr2013","Published document","2019-06-18","https://esterotoday.com/edrapr2013/","https://esterotoday.com/wp-content/uploads/2019/06/EDRApr2013.pdf","","","EDRApr2013 EDRApr2013"
"document","doc-18076","Draft Estero Development Report March 2009","Published document","2019-06-18","https://esterotoday.com/draft-estero-development-report-march-2009/","https://esterotoday.com/wp-content/uploads/2019/06/Draft-Estero-Development-Report-March-2009.pdf","","","Draft Estero Development Report March 2009 Draft Estero Development Report March 2009"
"document","doc-18069","EDRApril2019[1]","Published document","2019-06-18","https://esterotoday.com/edrapril20191/","https://esterotoday.com/wp-content/uploads/2019/06/EDRApril20191.pdf","","","EDRApril2019[1] EDRApril2019[1]"
"document","doc-17809","EOC-Ambassador-Application[1]","Published document","2019-05-27","https://esterotoday.com/eoc-ambassador-application1/","https://esterotoday.com/wp-content/uploads/2019/05/EOC-Ambassador-Application1.pdf","","","EOC-Ambassador-Application[1] EOC-Ambassador-Application[1]"
"document","doc-784","FinancialsNov2018","Published document","2019-05-22","https://esterotoday.com/financialsnov2018/","https://esterotoday.com/wp-content/uploads/2019/05/FinancialsNov2018.pdf","","","FinancialsNov2018 FinancialsNov2018"
"document","doc-717","ECCLReportMay2019[1]","Published document","2019-05-16","https://esterotoday.com/ecclreportmay20191/","https://esterotoday.com/wp-content/uploads/2019/05/ECCLReportMay20191.pdf","","","ECCLReportMay2019[1] ECCLReportMay2019[1]"
"document","doc-716","May2019Financials[1]","Published document","2019-05-16","https://esterotoday.com/may2019financials1/","https://esterotoday.com/wp-content/uploads/2019/05/May2019Financials1.pdf","","","May2019Financials[1] May2019Financials[1]"
"document","doc-715","ECCLReportApr2019.corrected[1]","Published document","2019-05-16","https://esterotoday.com/ecclreportapr2019-corrected1/","https://esterotoday.com/wp-content/uploads/2019/05/ECCLReportApr2019.corrected1.pdf","","","ECCLReportApr2019.corrected[1] ECCLReportApr2019.corrected[1]"
"document","doc-714","April2019financials[1]","Published document","2019-05-16","https://esterotoday.com/april2019financials1/","https://esterotoday.com/wp-content/uploads/2019/05/April2019financials1.pdf","","","April2019financials[1] April2019financials[1]"
"document","doc-713","PresentationMar2019[1]","Published document","2019-05-16","https://esterotoday.com/presentationmar20191/","https://esterotoday.com/wp-content/uploads/2019/05/PresentationMar20191.pdf","","","PresentationMar2019[1] PresentationMar2019[1]"
"document","doc-712","Mar2019ECCLReport[1]","Published document","2019-05-16","https://esterotoday.com/mar2019ecclreport1/","https://esterotoday.com/wp-content/uploads/2019/05/Mar2019ECCLReport1.pdf","","","Mar2019ECCLReport[1] Mar2019ECCLReport[1]"
"document","doc-711","March2019Financials[1]","Published document","2019-05-16","https://esterotoday.com/march2019financials1/","https://esterotoday.com/wp-content/uploads/2019/05/March2019Financials1.pdf","","","March2019Financials[1] March2019Financials[1]"
"document","doc-710","ECLReportFeb2019[1]","Published document","2019-05-16","https://esterotoday.com/eclreportfeb20191/","https://esterotoday.com/wp-content/uploads/2019/05/ECLReportFeb20191.pdf","","","ECLReportFeb2019[1] ECLReportFeb2019[1]"
"document","doc-709","FinancialsFeb2019[1]","Published document","2019-05-16","https://esterotoday.com/financialsfeb20191/","https://esterotoday.com/wp-content/uploads/2019/05/FinancialsFeb20191.pdf","","","FinancialsFeb2019[1] FinancialsFeb2019[1]"
"document","doc-708","ECCLPresentationJan2019[1]","Published document","2019-05-16","https://esterotoday.com/ecclpresentationjan20191/","https://esterotoday.com/wp-content/uploads/2019/05/ECCLPresentationJan20191.pdf","","","ECCLPresentationJan2019[1] ECCLPresentationJan2019[1]"
"document","doc-707","ECCLReportJan2019.2[1]","Published document","2019-05-16","https://esterotoday.com/ecclreportjan2019-21/","https://esterotoday.com/wp-content/uploads/2019/05/ECCLReportJan2019.21.pdf","","","ECCLReportJan2019.2[1] ECCLReportJan2019.2[1]"
"document","doc-706","jan2019financials[1]","Published document","2019-05-16","https://esterotoday.com/jan2019financials1/","https://esterotoday.com/wp-content/uploads/2019/05/jan2019financials1.pdf","","","jan2019financials[1] jan2019financials[1]"
"document","doc-705","PresentationDec2018[1]","Published document","2019-05-16","https://esterotoday.com/presentationdec20181/","https://esterotoday.com/wp-content/uploads/2019/05/PresentationDec20181.pdf","","","PresentationDec2018[1] PresentationDec2018[1]"
"document","doc-704","ECCLReportDec2018[1]","Published document","2019-05-16","https://esterotoday.com/ecclreportdec20181/","https://esterotoday.com/wp-content/uploads/2019/05/ECCLReportDec20181.pdf","","","ECCLReportDec2018[1] ECCLReportDec2018[1]"
"document","doc-703","Dec2018financials[1]","Published document","2019-05-16","https://esterotoday.com/dec2018financials1/","https://esterotoday.com/wp-content/uploads/2019/05/Dec2018financials1.pdf","","","Dec2018financials[1] Dec2018financials[1]"
"document","doc-702","Nov2018ECCLPresentation[1]","Published document","2019-05-16","https://esterotoday.com/nov2018ecclpresentation1/","https://esterotoday.com/wp-content/uploads/2019/05/Nov2018ECCLPresentation1.pdf","","","Nov2018ECCLPresentation[1] Nov2018ECCLPresentation[1]"
"document","doc-701","Nov2018ECCLReport[1]","Published document","2019-05-16","https://esterotoday.com/nov2018ecclreport1/","https://esterotoday.com/wp-content/uploads/2019/05/Nov2018ECCLReport1.pdf","","","Nov2018ECCLReport[1] Nov2018ECCLReport[1]"
"document","doc-700","PresentationOct2018[1]","Published document","2019-05-16","https://esterotoday.com/presentationoct20181/","https://esterotoday.com/wp-content/uploads/2019/05/PresentationOct20181.pdf","","","PresentationOct2018[1] PresentationOct2018[1]"
"document","doc-699","ECCLReportOct2018[1]","Published document","2019-05-16","https://esterotoday.com/ecclreportoct20181/","https://esterotoday.com/wp-content/uploads/2019/05/ECCLReportOct20181.pdf","","","ECCLReportOct2018[1] ECCLReportOct2018[1]"
"document","doc-698","FinancialsOct2018[1]","Published document","2019-05-16","https://esterotoday.com/financialsoct20181/","https://esterotoday.com/wp-content/uploads/2019/05/FinancialsOct20181.pdf","","","FinancialsOct2018[1] FinancialsOct2018[1]"
"document","doc-697","Sept-14_2018-ECCL-Presentation[1]","Published document","2019-05-16","https://esterotoday.com/sept-14_2018-eccl-presentation1/","https://esterotoday.com/wp-content/uploads/2019/05/Sept-14_2018-ECCL-Presentation1.pdf","","","Sept-14_2018-ECCL-Presentation[1] Sept-14_2018-ECCL-Presentation[1]"
"document","doc-696","ECCLReportSept2018[1]","Published document","2019-05-16","https://esterotoday.com/ecclreportsept20181/","https://esterotoday.com/wp-content/uploads/2019/05/ECCLReportSept20181.pdf","","","ECCLReportSept2018[1] ECCLReportSept2018[1]"
"document","doc-695","Financials-2018-09[1]","Published document","2019-05-16","https://esterotoday.com/financials-2018-091/","https://esterotoday.com/wp-content/uploads/2019/05/Financials-2018-091.pdf","","","Financials-2018-09[1] Financials-2018-09[1]"
"document","doc-694","Aug2018MeetingPresentation[1]","Published document","2019-05-16","https://esterotoday.com/aug2018meetingpresentation1/","https://esterotoday.com/wp-content/uploads/2019/05/Aug2018MeetingPresentation1.pdf","","","Aug2018MeetingPresentation[1] Aug2018MeetingPresentation[1]"
"document","doc-693","eccl_report_08.2018[1]","Published document","2019-05-16","https://esterotoday.com/eccl_report_08-20181/","https://esterotoday.com/wp-content/uploads/2019/05/eccl_report_08.20181.pdf","","","eccl_report_08.2018[1] eccl_report_08.2018[1]"
"document","doc-692","2018-08Financials-1[1]","Published document","2019-05-16","https://esterotoday.com/2018-08financials-11/","https://esterotoday.com/wp-content/uploads/2019/05/2018-08Financials-11.pdf","","","2018-08Financials-1[1] 2018-08Financials-1[1]"
"document","doc-691","ECCL-7.7.18-Presentation[1]","Published document","2019-05-16","https://esterotoday.com/eccl-7-7-18-presentation1/","https://esterotoday.com/wp-content/uploads/2019/05/ECCL-7.7.18-Presentation1.pdf","","","ECCL-7.7.18-Presentation[1] ECCL-7.7.18-Presentation[1]"
"document","doc-690","ECCLReportJuly2018[1]","Published document","2019-05-16","https://esterotoday.com/ecclreportjuly20181/","https://esterotoday.com/wp-content/uploads/2019/05/ECCLReportJuly20181.pdf","","","ECCLReportJuly2018[1] ECCLReportJuly2018[1]"
"document","doc-689","Financials2018-07[1]","Published document","2019-05-16","https://esterotoday.com/financials2018-071/","https://esterotoday.com/wp-content/uploads/2019/05/Financials2018-071.pdf","","","Financials2018-07[1] Financials2018-07[1]"
"document","doc-688","June-8_2018[1]","Published document","2019-05-16","https://esterotoday.com/june-8_20181/","https://esterotoday.com/wp-content/uploads/2019/05/June-8_20181.pdf","","","June-8_2018[1] June-8_2018[1]"
"document","doc-687","June2018Report[1]","Published document","2019-05-16","https://esterotoday.com/june2018report1/","https://esterotoday.com/wp-content/uploads/2019/05/June2018Report1.pdf","","","June2018Report[1] June2018Report[1]"
"document","doc-686","June2018Financials[1]","Published document","2019-05-16","https://esterotoday.com/june2018financials1/","https://esterotoday.com/wp-content/uploads/2019/05/June2018Financials1.pdf","","","June2018Financials[1] June2018Financials[1]"
"document","doc-685","May-11_2018[1]","Published document","2019-05-16","https://esterotoday.com/may-11_20181/","https://esterotoday.com/wp-content/uploads/2019/05/May-11_20181.pdf","","","May-11_2018[1] May-11_2018[1]"
"document","doc-684","May2018ECCLReport[1]","Published document","2019-05-16","https://esterotoday.com/may2018ecclreport1/","https://esterotoday.com/wp-content/uploads/2019/05/May2018ECCLReport1.pdf","","","May2018ECCLReport[1] May2018ECCLReport[1]"
"document","doc-683","FinancialsMay2018[1]","Published document","2019-05-16","https://esterotoday.com/financialsmay20181/","https://esterotoday.com/wp-content/uploads/2019/05/FinancialsMay20181.pdf","","","FinancialsMay2018[1] FinancialsMay2018[1]"
"document","doc-682","April2018Presentation[1]","Published document","2019-05-16","https://esterotoday.com/april2018presentation1/","https://esterotoday.com/wp-content/uploads/2019/05/April2018Presentation1.pdf","","","April2018Presentation[1] April2018Presentation[1]"
"document","doc-681","ReportApril2018[1]","Published document","2019-05-16","https://esterotoday.com/reportapril20181/","https://esterotoday.com/wp-content/uploads/2019/05/ReportApril20181.pdf","","","ReportApril2018[1] ReportApril2018[1]"
"document","doc-680","Apr2018financials[1]","Published document","2019-05-16","https://esterotoday.com/apr2018financials1/","https://esterotoday.com/wp-content/uploads/2019/05/Apr2018financials1.pdf","","","Apr2018financials[1] Apr2018financials[1]"
"document","doc-679","eccl_report_03.2018_v2[1]","Published document","2019-05-16","https://esterotoday.com/eccl_report_03-2018_v21/","https://esterotoday.com/wp-content/uploads/2019/05/eccl_report_03.2018_v21.pdf","","","eccl_report_03.2018_v2[1] eccl_report_03.2018_v2[1]"
"document","doc-678","2018-02financials[1]","Published document","2019-05-16","https://esterotoday.com/2018-02financials1/","https://esterotoday.com/wp-content/uploads/2019/05/2018-02financials1.pdf","","","2018-02financials[1] 2018-02financials[1]"
"document","doc-677","ECCLReportFeb2018[1]","Published document","2019-05-16","https://esterotoday.com/ecclreportfeb20181/","https://esterotoday.com/wp-content/uploads/2019/05/ECCLReportFeb20181.pdf","","","ECCLReportFeb2018[1] ECCLReportFeb2018[1]"
"document","doc-675","ECCLReportJan2018[1]","Published document","2019-05-16","https://esterotoday.com/ecclreportjan20181/","https://esterotoday.com/wp-content/uploads/2019/05/ECCLReportJan20181.pdf","","","ECCLReportJan2018[1] ECCLReportJan2018[1]"
"document","doc-674","2018-01-financials[1]","Published document","2019-05-16","https://esterotoday.com/2018-01-financials1/","https://esterotoday.com/wp-content/uploads/2019/05/2018-01-financials1.pdf","","","2018-01-financials[1] 2018-01-financials[1]"
"document","doc-673","ECCLReportDec2017[1]","Published document","2019-05-16","https://esterotoday.com/ecclreportdec20171/","https://esterotoday.com/wp-content/uploads/2019/05/ECCLReportDec20171.pdf","","","ECCLReportDec2017[1] ECCLReportDec2017[1]"
"document","doc-672","financialsNov2017[1]","Published document","2019-05-16","https://esterotoday.com/financialsnov20171/","https://esterotoday.com/wp-content/uploads/2019/05/financialsNov20171.pdf","","","financialsNov2017[1] financialsNov2017[1]"
"document","doc-671","ECCLReportNov2017[1]","Published document","2019-05-16","https://esterotoday.com/ecclreportnov20171/","https://esterotoday.com/wp-content/uploads/2019/05/ECCLReportNov20171.pdf","","","ECCLReportNov2017[1] ECCLReportNov2017[1]"
"document","doc-670","Nov2017financials[1]","Published document","2019-05-16","https://esterotoday.com/nov2017financials1/","https://esterotoday.com/wp-content/uploads/2019/05/Nov2017financials1.pdf","","","Nov2017financials[1] Nov2017financials[1]"
"document","doc-669","ECCLReportOct2017[1]","Published document","2019-05-16","https://esterotoday.com/ecclreportoct20171/","https://esterotoday.com/wp-content/uploads/2019/05/ECCLReportOct20171.pdf","","","ECCLReportOct2017[1] ECCLReportOct2017[1]"
"document","doc-668","AugSept2017Financials[1]","Published document","2019-05-16","https://esterotoday.com/augsept2017financials1/","https://esterotoday.com/wp-content/uploads/2019/05/AugSept2017Financials1.pdf","","","AugSept2017Financials[1] AugSept2017Financials[1]"
"document","doc-667","ECCLReportAug2017[1]","Published document","2019-05-16","https://esterotoday.com/ecclreportaug20171/","https://esterotoday.com/wp-content/uploads/2019/05/ECCLReportAug20171.pdf","","","ECCLReportAug2017[1] ECCLReportAug2017[1]"
"document","doc-666","Financials-August-2017[1]","Published document","2019-05-16","https://esterotoday.com/financials-august-20171/","https://esterotoday.com/wp-content/uploads/2019/05/Financials-August-20171.pdf","","","Financials-August-2017[1] Financials-August-2017[1]"
"document","doc-665","July2017ECCLReport[1]","Published document","2019-05-16","https://esterotoday.com/july2017ecclreport1/","https://esterotoday.com/wp-content/uploads/2019/05/July2017ECCLReport1.pdf","","","July2017ECCLReport[1] July2017ECCLReport[1]"
"document","doc-664","financials2017-07[1]","Published document","2019-05-16","https://esterotoday.com/financials2017-071/","https://esterotoday.com/wp-content/uploads/2019/05/financials2017-071.pdf","","","financials2017-07[1] financials2017-07[1]"
"document","doc-663","June2017ECCLReport[1]","Published document","2019-05-16","https://esterotoday.com/june2017ecclreport1/","https://esterotoday.com/wp-content/uploads/2019/05/June2017ECCLReport1.pdf","","","June2017ECCLReport[1] June2017ECCLReport[1]"
"document","doc-662","2017JuneFinancials[1]","Published document","2019-05-16","https://esterotoday.com/2017junefinancials1/","https://esterotoday.com/wp-content/uploads/2019/05/2017JuneFinancials1.pdf","","","2017JuneFinancials[1] 2017JuneFinancials[1]"
"document","doc-661","May2017ECCLReport2[1]","Published document","2019-05-16","https://esterotoday.com/may2017ecclreport21/","https://esterotoday.com/wp-content/uploads/2019/05/May2017ECCLReport21.pdf","","","May2017ECCLReport2[1] May2017ECCLReport2[1]"
"document","doc-660","May2017Financials1[1]","Published document","2019-05-16","https://esterotoday.com/may2017financials11/","https://esterotoday.com/wp-content/uploads/2019/05/May2017Financials11.pdf","","","May2017Financials1[1] May2017Financials1[1]"
"document","doc-659","Apr2017ECCLReport2[1]","Published document","2019-05-16","https://esterotoday.com/apr2017ecclreport21/","https://esterotoday.com/wp-content/uploads/2019/05/Apr2017ECCLReport21.pdf","","","Apr2017ECCLReport2[1] Apr2017ECCLReport2[1]"
"document","doc-658","2017-04-financials[1]","Published document","2019-05-16","https://esterotoday.com/2017-04-financials1/","https://esterotoday.com/wp-content/uploads/2019/05/2017-04-financials1.pdf","","","2017-04-financials[1] 2017-04-financials[1]"
"document","doc-657","Mar2017ECCLReport[1]","Published document","2019-05-16","https://esterotoday.com/mar2017ecclreport1/","https://esterotoday.com/wp-content/uploads/2019/05/Mar2017ECCLReport1.pdf","","","Mar2017ECCLReport[1] Mar2017ECCLReport[1]"
"document","doc-656","Feb2017Financials[1]","Published document","2019-05-16","https://esterotoday.com/feb2017financials1/","https://esterotoday.com/wp-content/uploads/2019/05/Feb2017Financials1.pdf","","","Feb2017Financials[1] Feb2017Financials[1]"
"document","doc-655","Feb2017ECCLReport[1]","Published document","2019-05-16","https://esterotoday.com/feb2017ecclreport1/","https://esterotoday.com/wp-content/uploads/2019/05/Feb2017ECCLReport1.pdf","","","Feb2017ECCLReport[1] Feb2017ECCLReport[1]"
"document","doc-654","financialsFeb2017[1]","Published document","2019-05-16","https://esterotoday.com/financialsfeb20171/","https://esterotoday.com/wp-content/uploads/2019/05/financialsFeb20171.pdf","","","financialsFeb2017[1] financialsFeb2017[1]"
"document","doc-653","ECCLReportJan2017d[1]","Published document","2019-05-16","https://esterotoday.com/ecclreportjan2017d1/","https://esterotoday.com/wp-content/uploads/2019/05/ECCLReportJan2017d1.pdf","","","ECCLReportJan2017d[1] ECCLReportJan2017d[1]"
"document","doc-652","Jan2017financials[1]","Published document","2019-05-16","https://esterotoday.com/jan2017financials1/","https://esterotoday.com/wp-content/uploads/2019/05/Jan2017financials1.pdf","","","Jan2017financials[1] Jan2017financials[1]"
"document","doc-651","Nov-2016-financials[1]","Published document","2019-05-16","https://esterotoday.com/nov-2016-financials1/","https://esterotoday.com/wp-content/uploads/2019/05/Nov-2016-financials1.pdf","","","Nov-2016-financials[1] Nov-2016-financials[1]"
"document","doc-650","Nov2016ECCLReport[1]","Published document","2019-05-16","https://esterotoday.com/nov2016ecclreport1/","https://esterotoday.com/wp-content/uploads/2019/05/Nov2016ECCLReport1.pdf","","","Nov2016ECCLReport[1] Nov2016ECCLReport[1]"
"document","doc-649","Nov2016Financials[1]","Published document","2019-05-16","https://esterotoday.com/nov2016financials1/","https://esterotoday.com/wp-content/uploads/2019/05/Nov2016Financials1.pdf","","","Nov2016Financials[1] Nov2016Financials[1]"
"document","doc-648","Oct2016ECCLReport[1]","Published document","2019-05-16","https://esterotoday.com/oct2016ecclreport1/","https://esterotoday.com/wp-content/uploads/2019/05/Oct2016ECCLReport1.pdf","","","Oct2016ECCLReport[1] Oct2016ECCLReport[1]"
"document","doc-647","financials10-2016[1]","Published document","2019-05-16","https://esterotoday.com/financials10-20161/","https://esterotoday.com/wp-content/uploads/2019/05/financials10-20161.pdf","","","financials10-2016[1] financials10-2016[1]"
"document","doc-646","ECCLReportAug2016[1]","Published document","2019-05-16","https://esterotoday.com/ecclreportaug20161/","https://esterotoday.com/wp-content/uploads/2019/05/ECCLReportAug20161.pdf","","","ECCLReportAug2016[1] ECCLReportAug2016[1]"
"document","doc-645","financialsAug2016[1]","Published document","2019-05-16","https://esterotoday.com/financialsaug20161/","https://esterotoday.com/wp-content/uploads/2019/05/financialsAug20161.pdf","","","financialsAug2016[1] financialsAug2016[1]"
"document","doc-644","July2016ECCLReportb[1]","Published document","2019-05-16","https://esterotoday.com/july2016ecclreportb1/","https://esterotoday.com/wp-content/uploads/2019/05/July2016ECCLReportb1.pdf","","","July2016ECCLReportb[1] July2016ECCLReportb[1]"
"document","doc-643","2016-06-financials[1]","Published document","2019-05-16","https://esterotoday.com/2016-06-financials1/","https://esterotoday.com/wp-content/uploads/2019/05/2016-06-financials1.pdf","","","2016-06-financials[1] 2016-06-financials[1]"
"document","doc-642","ECCLReportJune2016[1]","Published document","2019-05-16","https://esterotoday.com/ecclreportjune20161/","https://esterotoday.com/wp-content/uploads/2019/05/ECCLReportJune20161.pdf","","","ECCLReportJune2016[1] ECCLReportJune2016[1]"
"document","doc-641","financialsmay2016[1]","Published document","2019-05-16","https://esterotoday.com/financialsmay20161/","https://esterotoday.com/wp-content/uploads/2019/05/financialsmay20161.pdf","","","financialsmay2016[1] financialsmay2016[1]"
"document","doc-640","May2016ECCLReport[1]","Published document","2019-05-16","https://esterotoday.com/may2016ecclreport1/","https://esterotoday.com/wp-content/uploads/2019/05/May2016ECCLReport1.pdf","","","May2016ECCLReport[1] May2016ECCLReport[1]"
"document","doc-639","April2016Financials[1]","Published document","2019-05-16","https://esterotoday.com/april2016financials1/","https://esterotoday.com/wp-content/uploads/2019/05/April2016Financials1.pdf","","","April2016Financials[1] April2016Financials[1]"
"document","doc-638","financials-2[1]","Published document","2019-05-16","https://esterotoday.com/financials-21-2/","https://esterotoday.com/wp-content/uploads/2019/05/financials-21-1.pdf","","","financials-2[1] financials-2[1]"
"document","doc-637","financials-2[1]","Published document","2019-05-16","https://esterotoday.com/financials-21/","https://esterotoday.com/wp-content/uploads/2019/05/financials-21.pdf","","","financials-2[1] financials-2[1]"
"document","doc-633","Feb2016ECCLReport-1[1]","Published document","2019-05-16","https://esterotoday.com/feb2016ecclreport-11/","https://esterotoday.com/wp-content/uploads/2019/05/Feb2016ECCLReport-11.pdf","","","Feb2016ECCLReport-1[1] Feb2016ECCLReport-1[1]"
"document","doc-632","FinancialsFeb2016[1]","Published document","2019-05-16","https://esterotoday.com/financialsfeb20161/","https://esterotoday.com/wp-content/uploads/2019/05/FinancialsFeb20161.pdf","","","FinancialsFeb2016[1] FinancialsFeb2016[1]"
"document","doc-631","ECCLReportJan2016[1]","Published document","2019-05-16","https://esterotoday.com/ecclreportjan20161/","https://esterotoday.com/wp-content/uploads/2019/05/ECCLReportJan20161.pdf","","","ECCLReportJan2016[1] ECCLReportJan2016[1]"
"document","doc-630","Jan2016Financials[1]","Published document","2019-05-16","https://esterotoday.com/jan2016financials1/","https://esterotoday.com/wp-content/uploads/2019/05/Jan2016Financials1.pdf","","","Jan2016Financials[1] Jan2016Financials[1]"
"document","doc-629","ECCLReportDec2015-1[1]","Published document","2019-05-16","https://esterotoday.com/ecclreportdec2015-11/","https://esterotoday.com/wp-content/uploads/2019/05/ECCLReportDec2015-11.pdf","","","ECCLReportDec2015-1[1] ECCLReportDec2015-1[1]"
"document","doc-628","FinancialsDec2015[1]","Published document","2019-05-16","https://esterotoday.com/financialsdec20151/","https://esterotoday.com/wp-content/uploads/2019/05/FinancialsDec20151.pdf","","","FinancialsDec2015[1] FinancialsDec2015[1]"
"document","doc-627","ECCLReportNov2015[1]","Published document","2019-05-16","https://esterotoday.com/ecclreportnov20151/","https://esterotoday.com/wp-content/uploads/2019/05/ECCLReportNov20151.pdf","","","ECCLReportNov2015[1] ECCLReportNov2015[1]"
"document","doc-626","nov2015financials[1]","Published document","2019-05-16","https://esterotoday.com/nov2015financials1/","https://esterotoday.com/wp-content/uploads/2019/05/nov2015financials1.pdf","","","nov2015financials[1] nov2015financials[1]"
"document","doc-625","Oct2015Financials[1]","Published document","2019-05-16","https://esterotoday.com/oct2015financials1/","https://esterotoday.com/wp-content/uploads/2019/05/Oct2015Financials1.pdf","","","Oct2015Financials[1] Oct2015Financials[1]"
"document","doc-624","sept2015financials[1]","Published document","2019-05-16","https://esterotoday.com/sept2015financials1/","https://esterotoday.com/wp-content/uploads/2019/05/sept2015financials1.pdf","","","sept2015financials[1] sept2015financials[1]"
"document","doc-623","ECCLReportAug2015[1]","Published document","2019-05-16","https://esterotoday.com/ecclreportaug20151/","https://esterotoday.com/wp-content/uploads/2019/05/ECCLReportAug20151.pdf","","","ECCLReportAug2015[1] ECCLReportAug2015[1]"
"document","doc-622","aug2015financials[1]","Published document","2019-05-16","https://esterotoday.com/aug2015financials1/","https://esterotoday.com/wp-content/uploads/2019/05/aug2015financials1.pdf","","","aug2015financials[1] aug2015financials[1]"
"document","doc-621","ECCLReportJuly2015[1]","Published document","2019-05-16","https://esterotoday.com/ecclreportjuly20151/","https://esterotoday.com/wp-content/uploads/2019/05/ECCLReportJuly20151.pdf","","","ECCLReportJuly2015[1] ECCLReportJuly2015[1]"
"document","doc-620","June2015financials-1[1]","Published document","2019-05-16","https://esterotoday.com/june2015financials-11/","https://esterotoday.com/wp-content/uploads/2019/05/June2015financials-11.pdf","","","June2015financials-1[1] June2015financials-1[1]"
"document","doc-619","The-ECCL-Report-June-2015-[1]","Published document","2019-05-16","https://esterotoday.com/the-eccl-report-june-2015-1/","https://esterotoday.com/wp-content/uploads/2019/05/The-ECCL-Report-June-2015-1.pdf","","","The-ECCL-Report-June-2015-[1] The-ECCL-Report-June-2015-[1]"
"document","doc-618","June2015financials[1]","Published document","2019-05-16","https://esterotoday.com/june2015financials1/","https://esterotoday.com/wp-content/uploads/2019/05/June2015financials1.pdf","","","June2015financials[1] June2015financials[1]"
"document","doc-617","ECCLReportMay2015[1]","Published document","2019-05-16","https://esterotoday.com/ecclreportmay20151/","https://esterotoday.com/wp-content/uploads/2019/05/ECCLReportMay20151.pdf","","","ECCLReportMay2015[1] ECCLReportMay2015[1]"
"document","doc-616","may2015financials[1]","Published document","2019-05-16","https://esterotoday.com/may2015financials1/","https://esterotoday.com/wp-content/uploads/2019/05/may2015financials1.pdf","","","may2015financials[1] may2015financials[1]"
"document","doc-615","april2015financials[1]","Published document","2019-05-16","https://esterotoday.com/april2015financials1/","https://esterotoday.com/wp-content/uploads/2019/05/april2015financials1.pdf","","","april2015financials[1] april2015financials[1]"
"document","doc-614","financials-1[1]","Published document","2019-05-16","https://esterotoday.com/financials-11/","https://esterotoday.com/wp-content/uploads/2019/05/financials-11.pdf","","","financials-1[1] financials-1[1]"
"document","doc-613","feb2015financials[1]","Published document","2019-05-16","https://esterotoday.com/feb2015financials1/","https://esterotoday.com/wp-content/uploads/2019/05/feb2015financials1.pdf","","","feb2015financials[1] feb2015financials[1]"
"document","doc-612","ExeSumJan2015[1]","Published document","2019-05-16","https://esterotoday.com/exesumjan20151/","https://esterotoday.com/wp-content/uploads/2019/05/ExeSumJan20151.pdf","","","ExeSumJan2015[1] ExeSumJan2015[1]"
"document","doc-611","Jan2015financials[1]","Published document","2019-05-16","https://esterotoday.com/jan2015financials1/","https://esterotoday.com/wp-content/uploads/2019/05/Jan2015financials1.pdf","","","Jan2015financials[1] Jan2015financials[1]"
"document","doc-610","ExeSumDec2014[1]","Published document","2019-05-16","https://esterotoday.com/exesumdec20141/","https://esterotoday.com/wp-content/uploads/2019/05/ExeSumDec20141.pdf","","","ExeSumDec2014[1] ExeSumDec2014[1]"
"document","doc-609","financials[1]","Published document","2019-05-16","https://esterotoday.com/financials1/","https://esterotoday.com/wp-content/uploads/2019/05/financials1.pdf","","","financials[1] financials[1]"
"document","doc-608","ExeSumNov2014[1]","Published document","2019-05-16","https://esterotoday.com/exesumnov20141/","https://esterotoday.com/wp-content/uploads/2019/05/ExeSumNov20141.pdf","","","ExeSumNov2014[1] ExeSumNov2014[1]"
"document","doc-607","Nov2014financials[1]","Published document","2019-05-16","https://esterotoday.com/nov2014financials1/","https://esterotoday.com/wp-content/uploads/2019/05/Nov2014financials1.pdf","","","Nov2014financials[1] Nov2014financials[1]"
"document","doc-606","ExeSumOct2014[1]","Published document","2019-05-16","https://esterotoday.com/exesumoct20141/","https://esterotoday.com/wp-content/uploads/2019/05/ExeSumOct20141.pdf","","","ExeSumOct2014[1] ExeSumOct2014[1]"
"document","doc-605","incomerefoct2014[1]","Published document","2019-05-16","https://esterotoday.com/incomerefoct20141/","https://esterotoday.com/wp-content/uploads/2019/05/incomerefoct20141.pdf","","","incomerefoct2014[1] incomerefoct2014[1]"
"document","doc-604","ExecSumSept2014[1]","Published document","2019-05-16","https://esterotoday.com/execsumsept20141/","https://esterotoday.com/wp-content/uploads/2019/05/ExecSumSept20141.pdf","","","ExecSumSept2014[1] ExecSumSept2014[1]"
"document","doc-603","Sept2014financials[1]","Published document","2019-05-16","https://esterotoday.com/sept2014financials1/","https://esterotoday.com/wp-content/uploads/2019/05/Sept2014financials1.pdf","","","Sept2014financials[1] Sept2014financials[1]"
"document","doc-602","ExeSumJuly2014[1]","Published document","2019-05-16","https://esterotoday.com/exesumjuly20141/","https://esterotoday.com/wp-content/uploads/2019/05/ExeSumJuly20141.pdf","","","ExeSumJuly2014[1] ExeSumJuly2014[1]"
"document","doc-601","FinancialsJuly2014[1]","Published document","2019-05-16","https://esterotoday.com/financialsjuly20141/","https://esterotoday.com/wp-content/uploads/2019/05/FinancialsJuly20141.pdf","","","FinancialsJuly2014[1] FinancialsJuly2014[1]"
"document","doc-600","ExecSumJune2014[1]","Published document","2019-05-16","https://esterotoday.com/execsumjune20141/","https://esterotoday.com/wp-content/uploads/2019/05/ExecSumJune20141.pdf","","","ExecSumJune2014[1] ExecSumJune2014[1]"
"document","doc-599","june2014financials[1]","Published document","2019-05-16","https://esterotoday.com/june2014financials1/","https://esterotoday.com/wp-content/uploads/2019/05/june2014financials1.pdf","","","june2014financials[1] june2014financials[1]"
"document","doc-598","ExecSumMay2014[1]","Published document","2019-05-16","https://esterotoday.com/execsummay20141/","https://esterotoday.com/wp-content/uploads/2019/05/ExecSumMay20141.pdf","","","ExecSumMay2014[1] ExecSumMay2014[1]"
"document","doc-597","May2014Financials[1]","Published document","2019-05-16","https://esterotoday.com/may2014financials1/","https://esterotoday.com/wp-content/uploads/2019/05/May2014Financials1.pdf","","","May2014Financials[1] May2014Financials[1]"
"document","doc-596","ExecSumApril2014[1]","Published document","2019-05-16","https://esterotoday.com/execsumapril20141/","https://esterotoday.com/wp-content/uploads/2019/05/ExecSumApril20141.pdf","","","ExecSumApril2014[1] ExecSumApril2014[1]"
"document","doc-595","April2014Financials[1]","Published document","2019-05-16","https://esterotoday.com/april2014financials1/","https://esterotoday.com/wp-content/uploads/2019/05/April2014Financials1.pdf","","","April2014Financials[1] April2014Financials[1]"
"document","doc-594","ExecSumMarch2014[1]","Published document","2019-05-16","https://esterotoday.com/execsummarch20141/","https://esterotoday.com/wp-content/uploads/2019/05/ExecSumMarch20141.pdf","","","ExecSumMarch2014[1] ExecSumMarch2014[1]"
"document","doc-593","march2014financials[1]","Published document","2019-05-16","https://esterotoday.com/march2014financials1/","https://esterotoday.com/wp-content/uploads/2019/05/march2014financials1.pdf","","","march2014financials[1] march2014financials[1]"
"document","doc-592","ExeSumFeb2014[1]","Published document","2019-05-16","https://esterotoday.com/exesumfeb20141/","https://esterotoday.com/wp-content/uploads/2019/05/ExeSumFeb20141.pdf","","","ExeSumFeb2014[1] ExeSumFeb2014[1]"
"document","doc-591","Feb2014Financials[1]","Published document","2019-05-16","https://esterotoday.com/feb2014financials1/","https://esterotoday.com/wp-content/uploads/2019/05/Feb2014Financials1.pdf","","","Feb2014Financials[1] Feb2014Financials[1]"
"document","doc-590","ExeSumJan2014[1]","Published document","2019-05-16","https://esterotoday.com/exesumjan20141/","https://esterotoday.com/wp-content/uploads/2019/05/ExeSumJan20141.pdf","","","ExeSumJan2014[1] ExeSumJan2014[1]"
"document","doc-589","jan2014financials[1]","Published document","2019-05-16","https://esterotoday.com/jan2014financials1/","https://esterotoday.com/wp-content/uploads/2019/05/jan2014financials1.pdf","","","jan2014financials[1] jan2014financials[1]"
"document","doc-588","ExecutiveSummary121313[1]","Published document","2019-05-16","https://esterotoday.com/executivesummary1213131/","https://esterotoday.com/wp-content/uploads/2019/05/ExecutiveSummary1213131.pdf","","","ExecutiveSummary121313[1] ExecutiveSummary121313[1]"
"document","doc-587","dec2013financials[1]","Published document","2019-05-16","https://esterotoday.com/dec2013financials1/","https://esterotoday.com/wp-content/uploads/2019/05/dec2013financials1.pdf","","","dec2013financials[1] dec2013financials[1]"
"document","doc-585","ExeSum110813[1]","Published document","2019-05-16","https://esterotoday.com/exesum1108131/","https://esterotoday.com/wp-content/uploads/2019/05/ExeSum1108131.pdf","","","ExeSum110813[1] ExeSum110813[1]"
"document","doc-584","nov2013financials[1]","Published document","2019-05-16","https://esterotoday.com/nov2013financials1/","https://esterotoday.com/wp-content/uploads/2019/05/nov2013financials1.pdf","","","nov2013financials[1] nov2013financials[1]"
"document","doc-583","ExeSum101113[1]","Published document","2019-05-16","https://esterotoday.com/exesum1011131/","https://esterotoday.com/wp-content/uploads/2019/05/ExeSum1011131.pdf","","","ExeSum101113[1] ExeSum101113[1]"
"document","doc-580","oct2013financials[1]","Published document","2019-05-16","https://esterotoday.com/oct2013financials1/","https://esterotoday.com/wp-content/uploads/2019/05/oct2013financials1.pdf","","","oct2013financials[1] oct2013financials[1]"
"document","doc-579","ExecSum091313[1]","Published document","2019-05-16","https://esterotoday.com/execsum0913131/","https://esterotoday.com/wp-content/uploads/2019/05/ExecSum0913131.pdf","","","ExecSum091313[1] ExecSum091313[1]"
"document","doc-577","sept2013financials[1]","Published document","2019-05-16","https://esterotoday.com/sept2013financials1/","https://esterotoday.com/wp-content/uploads/2019/05/sept2013financials1.pdf","","","sept2013financials[1] sept2013financials[1]"
"document","doc-571","ExeSum080913[1]","Published document","2019-05-16","https://esterotoday.com/exesum0809131/","https://esterotoday.com/wp-content/uploads/2019/05/ExeSum0809131.pdf","","","ExeSum080913[1] ExeSum080913[1]"
"document","doc-570","AugFinancialPacket[1]","Published document","2019-05-16","https://esterotoday.com/augfinancialpacket1/","https://esterotoday.com/wp-content/uploads/2019/05/AugFinancialPacket1.pdf","","","AugFinancialPacket[1] AugFinancialPacket[1]"
"document","doc-569","ExecSum071213[1]","Published document","2019-05-16","https://esterotoday.com/execsum0712131/","https://esterotoday.com/wp-content/uploads/2019/05/ExecSum0712131.pdf","","","ExecSum071213[1] ExecSum071213[1]"
"document","doc-565","July-2013-fin-packet[1]","Published document","2019-05-16","https://esterotoday.com/july-2013-fin-packet1/","https://esterotoday.com/wp-content/uploads/2019/05/July-2013-fin-packet1.pdf","","","July-2013-fin-packet[1] July-2013-fin-packet[1]"
"document","doc-563","Executive_Summary_6_14_13[1]","Published document","2019-05-16","https://esterotoday.com/executive_summary_6_14_131/","https://esterotoday.com/wp-content/uploads/2019/05/Executive_Summary_6_14_131.pdf","","","Executive_Summary_6_14_13[1] Executive_Summary_6_14_13[1]"
"document","doc-562","june2013financials[1]","Published document","2019-05-16","https://esterotoday.com/june2013financials1/","https://esterotoday.com/wp-content/uploads/2019/05/june2013financials1.pdf","","","june2013financials[1] june2013financials[1]"
"document","doc-560","ExecSum051013[1]","Published document","2019-05-16","https://esterotoday.com/execsum0510131/","https://esterotoday.com/wp-content/uploads/2019/05/ExecSum0510131.pdf","","","ExecSum051013[1] ExecSum051013[1]"
"document","doc-559","May2013Financials[1]","Published document","2019-05-16","https://esterotoday.com/may2013financials1/","https://esterotoday.com/wp-content/uploads/2019/05/May2013Financials1.pdf","","","May2013Financials[1] May2013Financials[1]"
"document","doc-558","ExecSum41213[1]","Published document","2019-05-16","https://esterotoday.com/execsum412131/","https://esterotoday.com/wp-content/uploads/2019/05/ExecSum412131.pdf","","","ExecSum41213[1] ExecSum41213[1]"
"document","doc-557","financialsapr2013[1]","Published document","2019-05-16","https://esterotoday.com/financialsapr20131/","https://esterotoday.com/wp-content/uploads/2019/05/financialsapr20131.pdf","","","financialsapr2013[1] financialsapr2013[1]"
"document","doc-556","ExecSum030813[1]","Published document","2019-05-16","https://esterotoday.com/execsum0308131/","https://esterotoday.com/wp-content/uploads/2019/05/ExecSum0308131.pdf","","","ExecSum030813[1] ExecSum030813[1]"
"document","doc-553","march2013financials[1]","Published document","2019-05-16","https://esterotoday.com/march2013financials1/","https://esterotoday.com/wp-content/uploads/2019/05/march2013financials1.pdf","","","march2013financials[1] march2013financials[1]"
"document","doc-552","ExecSum2-8-13[1]","Published document","2019-05-16","https://esterotoday.com/execsum2-8-131/","https://esterotoday.com/wp-content/uploads/2019/05/ExecSum2-8-131.pdf","","","ExecSum2-8-13[1] ExecSum2-8-13[1]"
"document","doc-551","feb2013financials[1]","Published document","2019-05-16","https://esterotoday.com/feb2013financials1/","https://esterotoday.com/wp-content/uploads/2019/05/feb2013financials1.pdf","","","feb2013financials[1] feb2013financials[1]"
"document","doc-550","ExecSum011113[1]","Published document","2019-05-16","https://esterotoday.com/execsum0111131/","https://esterotoday.com/wp-content/uploads/2019/05/ExecSum0111131.pdf","","","ExecSum011113[1] ExecSum011113[1]"
"document","doc-549","ECCL-Balance-Sheet-12.31.2012[1]","Published document","2019-05-16","https://esterotoday.com/eccl-balance-sheet-12-31-20121/","https://esterotoday.com/wp-content/uploads/2019/05/ECCL-Balance-Sheet-12.31.20121.pdf","","","ECCL-Balance-Sheet-12.31.2012[1] ECCL-Balance-Sheet-12.31.2012[1]"
"document","doc-548","ExecSumm121412[1]","Published document","2019-05-16","https://esterotoday.com/execsumm1214121/","https://esterotoday.com/wp-content/uploads/2019/05/ExecSumm1214121.pdf","","","ExecSumm121412[1] ExecSumm121412[1]"
"document","doc-547","eccldecfinancials[1]","Published document","2019-05-16","https://esterotoday.com/eccldecfinancials1/","https://esterotoday.com/wp-content/uploads/2019/05/eccldecfinancials1.pdf","","","eccldecfinancials[1] eccldecfinancials[1]"
"document","doc-546","ExecSum11912[1]","Published document","2019-05-16","https://esterotoday.com/execsum119121/","https://esterotoday.com/wp-content/uploads/2019/05/ExecSum119121.pdf","","","ExecSum11912[1] ExecSum11912[1]"
"document","doc-544","Financials_Nov2012FinancialPacket[1]","Published document","2019-05-16","https://esterotoday.com/financials_nov2012financialpacket1/","https://esterotoday.com/wp-content/uploads/2019/05/Financials_Nov2012FinancialPacket1.pdf","","","Financials_Nov2012FinancialPacket[1] Financials_Nov2012FinancialPacket[1]"
"document","doc-543","Executive-Summary_ECCL-Ex-Summary-10-12-12-3[1]","Published document","2019-05-16","https://esterotoday.com/executive-summary_eccl-ex-summary-10-12-12-31/","https://esterotoday.com/wp-content/uploads/2019/05/Executive-Summary_ECCL-Ex-Summary-10-12-12-31.pdf","","","Executive-Summary_ECCL-Ex-Summary-10-12-12-3[1] Executive-Summary_ECCL-Ex-Summary-10-12-12-3[1]"
"document","doc-541","Financials_oct2012financials[1]","Published document","2019-05-16","https://esterotoday.com/financials_oct2012financials1/","https://esterotoday.com/wp-content/uploads/2019/05/Financials_oct2012financials1.pdf","","","Financials_oct2012financials[1] Financials_oct2012financials[1]"
"document","doc-539","Executive-Summary_ECCL-Ex-Summary-10-12-12-2[1]","Published document","2019-05-16","https://esterotoday.com/executive-summary_eccl-ex-summary-10-12-12-21/","https://esterotoday.com/wp-content/uploads/2019/05/Executive-Summary_ECCL-Ex-Summary-10-12-12-21.pdf","","","Executive-Summary_ECCL-Ex-Summary-10-12-12-2[1] Executive-Summary_ECCL-Ex-Summary-10-12-12-2[1]"
"document","doc-538","Financials_sept2012ECCLPacket[1]","Published document","2019-05-16","https://esterotoday.com/financials_sept2012ecclpacket1/","https://esterotoday.com/wp-content/uploads/2019/05/Financials_sept2012ECCLPacket1.pdf","","","Financials_sept2012ECCLPacket[1] Financials_sept2012ECCLPacket[1]"
"document","doc-535","Agenda_sept2012ECCLPacket[1]","Published document","2019-05-16","https://esterotoday.com/agenda_sept2012ecclpacket1/","https://esterotoday.com/wp-content/uploads/2019/05/Agenda_sept2012ECCLPacket1.pdf","","","Agenda_sept2012ECCLPacket[1] Agenda_sept2012ECCLPacket[1]"
"document","doc-534","Agenda_agendaOct2012[1]","Published document","2019-05-16","https://esterotoday.com/agenda_agendaoct20121/","https://esterotoday.com/wp-content/uploads/2019/05/Agenda_agendaOct20121.pdf","","","Agenda_agendaOct2012[1] Agenda_agendaOct2012[1]"
"document","doc-533","AgendaNov2012ECCL[1]","Published document","2019-05-16","https://esterotoday.com/agendanov2012eccl1/","https://esterotoday.com/wp-content/uploads/2019/05/AgendaNov2012ECCL1.pdf","","","AgendaNov2012ECCL[1] AgendaNov2012ECCL[1]"
"document","doc-532","Dec2012Agenda[1]","Published document","2019-05-16","https://esterotoday.com/dec2012agenda1/","https://esterotoday.com/wp-content/uploads/2019/05/Dec2012Agenda1.pdf","","","Dec2012Agenda[1] Dec2012Agenda[1]"
"document","doc-531","April2013Agenda[1]","Published document","2019-05-16","https://esterotoday.com/april2013agenda1/","https://esterotoday.com/wp-content/uploads/2019/05/April2013Agenda1.pdf","","","April2013Agenda[1] April2013Agenda[1]"
"document","doc-530","ECCL_Agenda_for__MAY_10th_2013_Monthly_Meeting[1]","Published document","2019-05-16","https://esterotoday.com/eccl_agenda_for__may_10th_2013_monthly_meeting1/","https://esterotoday.com/wp-content/uploads/2019/05/ECCL_Agenda_for__MAY_10th_2013_Monthly_Meeting1.pdf","","","ECCL_Agenda_for__MAY_10th_2013_Monthly_Meeting[1] ECCL_Agenda_for__MAY_10th_2013_Monthly_Meeting[1]"
"document","doc-529","AgendaAug2013[1]","Published document","2019-05-16","https://esterotoday.com/agendaaug20131/","https://esterotoday.com/wp-content/uploads/2019/05/AgendaAug20131.pdf","","","AgendaAug2013[1] AgendaAug2013[1]"
"document","doc-528","Sept2013Agenda[1]","Published document","2019-05-16","https://esterotoday.com/sept2013agenda1/","https://esterotoday.com/wp-content/uploads/2019/05/Sept2013Agenda1.pdf","","","Sept2013Agenda[1] Sept2013Agenda[1]"
"document","doc-527","nov2013agenda[1]","Published document","2019-05-16","https://esterotoday.com/nov2013agenda1/","https://esterotoday.com/wp-content/uploads/2019/05/nov2013agenda1.pdf","","","nov2013agenda[1] nov2013agenda[1]"
"document","doc-526","dec2013agenda[1]","Published document","2019-05-16","https://esterotoday.com/dec2013agenda1/","https://esterotoday.com/wp-content/uploads/2019/05/dec2013agenda1.pdf","","","dec2013agenda[1] dec2013agenda[1]"
"document","doc-525","AgendaJan2014[1]","Published document","2019-05-16","https://esterotoday.com/agendajan20141/","https://esterotoday.com/wp-content/uploads/2019/05/AgendaJan20141.pdf","","","AgendaJan2014[1] AgendaJan2014[1]"
"document","doc-524","Feb2014Agenda[1]","Published document","2019-05-16","https://esterotoday.com/feb2014agenda1/","https://esterotoday.com/wp-content/uploads/2019/05/Feb2014Agenda1.pdf","","","Feb2014Agenda[1] Feb2014Agenda[1]"
"document","doc-523","AgendaMarch2014[1]","Published document","2019-05-16","https://esterotoday.com/agendamarch20141/","https://esterotoday.com/wp-content/uploads/2019/05/AgendaMarch20141.pdf","","","AgendaMarch2014[1] AgendaMarch2014[1]"
"document","doc-522","April2014Agenda[1]","Published document","2019-05-16","https://esterotoday.com/april2014agenda1/","https://esterotoday.com/wp-content/uploads/2019/05/April2014Agenda1.pdf","","","April2014Agenda[1] April2014Agenda[1]"
"document","doc-521","AgendaMay2014[1]","Published document","2019-05-16","https://esterotoday.com/agendamay20141/","https://esterotoday.com/wp-content/uploads/2019/05/AgendaMay20141.pdf","","","AgendaMay2014[1] AgendaMay2014[1]"
"document","doc-520","AgendaJune2014[1]","Published document","2019-05-16","https://esterotoday.com/agendajune20141/","https://esterotoday.com/wp-content/uploads/2019/05/AgendaJune20141.pdf","","","AgendaJune2014[1] AgendaJune2014[1]"
"document","doc-519","AgendaJuly2014[1]","Published document","2019-05-16","https://esterotoday.com/agendajuly20141/","https://esterotoday.com/wp-content/uploads/2019/05/AgendaJuly20141.pdf","","","AgendaJuly2014[1] AgendaJuly2014[1]"
"document","doc-518","AgendaSept2014[1]","Published document","2019-05-16","https://esterotoday.com/agendasept20141/","https://esterotoday.com/wp-content/uploads/2019/05/AgendaSept20141.pdf","","","AgendaSept2014[1] AgendaSept2014[1]"
"document","doc-517","AgendaOct2014[1]","Published document","2019-05-16","https://esterotoday.com/agendaoct20141/","https://esterotoday.com/wp-content/uploads/2019/05/AgendaOct20141.pdf","","","AgendaOct2014[1] AgendaOct2014[1]"
"document","doc-516","Nov2014Agenda[1]","Published document","2019-05-16","https://esterotoday.com/nov2014agenda1/","https://esterotoday.com/wp-content/uploads/2019/05/Nov2014Agenda1.pdf","","","Nov2014Agenda[1] Nov2014Agenda[1]"
"document","doc-515","AgendaDec2014[1]","Published document","2019-05-16","https://esterotoday.com/agendadec20141/","https://esterotoday.com/wp-content/uploads/2019/05/AgendaDec20141.pdf","","","AgendaDec2014[1] AgendaDec2014[1]"
"document","doc-514","AgendaJan2015[1]","Published document","2019-05-16","https://esterotoday.com/agendajan20151/","https://esterotoday.com/wp-content/uploads/2019/05/AgendaJan20151.pdf","","","AgendaJan2015[1] AgendaJan2015[1]"
"document","doc-512","AgendaFeb2015[1]","Published document","2019-05-16","https://esterotoday.com/agendafeb20151/","https://esterotoday.com/wp-content/uploads/2019/05/AgendaFeb20151.pdf","","","AgendaFeb2015[1] AgendaFeb2015[1]"
"document","doc-511","AgendaMarch2015[1]","Published document","2019-05-16","https://esterotoday.com/agendamarch20151/","https://esterotoday.com/wp-content/uploads/2019/05/AgendaMarch20151.pdf","","","AgendaMarch2015[1] AgendaMarch2015[1]"
"document","doc-510","AgendaApril2015[1]","Published document","2019-05-16","https://esterotoday.com/agendaapril20151/","https://esterotoday.com/wp-content/uploads/2019/05/AgendaApril20151.pdf","","","AgendaApril2015[1] AgendaApril2015[1]"
"document","doc-508","AgendaMay2015[1]","Published document","2019-05-16","https://esterotoday.com/agendamay20151/","https://esterotoday.com/wp-content/uploads/2019/05/AgendaMay20151.pdf","","","AgendaMay2015[1] AgendaMay2015[1]"
"document","doc-507","AgendaJune2015[1]","Published document","2019-05-16","https://esterotoday.com/agendajune20151/","https://esterotoday.com/wp-content/uploads/2019/05/AgendaJune20151.pdf","","","AgendaJune2015[1] AgendaJune2015[1]"
"document","doc-506","AgendaJuly2015-1[1]","Published document","2019-05-16","https://esterotoday.com/agendajuly2015-11/","https://esterotoday.com/wp-content/uploads/2019/05/AgendaJuly2015-11.pdf","","","AgendaJuly2015-1[1] AgendaJuly2015-1[1]"
"document","doc-505","AgendaAugust2015[1]","Published document","2019-05-16","https://esterotoday.com/agendaaugust20151/","https://esterotoday.com/wp-content/uploads/2019/05/AgendaAugust20151.pdf","","","AgendaAugust2015[1] AgendaAugust2015[1]"
"document","doc-504","Sept2015Agenda[1]","Published document","2019-05-16","https://esterotoday.com/sept2015agenda1/","https://esterotoday.com/wp-content/uploads/2019/05/Sept2015Agenda1.pdf","","","Sept2015Agenda[1] Sept2015Agenda[1]"
"document","doc-503","Oct2015Agenda[1]","Published document","2019-05-16","https://esterotoday.com/oct2015agenda1/","https://esterotoday.com/wp-content/uploads/2019/05/Oct2015Agenda1.pdf","","","Oct2015Agenda[1] Oct2015Agenda[1]"
"document","doc-502","AgendaNov2015[1]","Published document","2019-05-16","https://esterotoday.com/agendanov20151/","https://esterotoday.com/wp-content/uploads/2019/05/AgendaNov20151.pdf","","","AgendaNov2015[1] AgendaNov2015[1]"
"document","doc-501","AgendaDec2015b[1]","Published document","2019-05-16","https://esterotoday.com/agendadec2015b1/","https://esterotoday.com/wp-content/uploads/2019/05/AgendaDec2015b1.pdf","","","AgendaDec2015b[1] AgendaDec2015b[1]"
"document","doc-500","Jan2016Agenda-1[1]","Published document","2019-05-16","https://esterotoday.com/jan2016agenda-11/","https://esterotoday.com/wp-content/uploads/2019/05/Jan2016Agenda-11.pdf","","","Jan2016Agenda-1[1] Jan2016Agenda-1[1]"
"document","doc-499","AgendaFeb2016[1]","Published document","2019-05-16","https://esterotoday.com/agendafeb20161/","https://esterotoday.com/wp-content/uploads/2019/05/AgendaFeb20161.pdf","","","AgendaFeb2016[1] AgendaFeb2016[1]"
"document","doc-498","MarchAgenda2016-1[1]","Published document","2019-05-16","https://esterotoday.com/marchagenda2016-11/","https://esterotoday.com/wp-content/uploads/2019/05/MarchAgenda2016-11.pdf","","","MarchAgenda2016-1[1] MarchAgenda2016-1[1]"
"document","doc-495","AgendaApr2016[1]","Published document","2019-05-16","https://esterotoday.com/agendaapr20161/","https://esterotoday.com/wp-content/uploads/2019/05/AgendaApr20161.pdf","","","AgendaApr2016[1] AgendaApr2016[1]"
"document","doc-494","AgendaMay2016[1]","Published document","2019-05-16","https://esterotoday.com/agendamay20161/","https://esterotoday.com/wp-content/uploads/2019/05/AgendaMay20161.pdf","","","AgendaMay2016[1] AgendaMay2016[1]"
"document","doc-493","AgendaJune[1]","Published document","2019-05-16","https://esterotoday.com/agendajune1/","https://esterotoday.com/wp-content/uploads/2019/05/AgendaJune1.pdf","","","AgendaJune[1] AgendaJune[1]"
"document","doc-490","AgendaJuly2016[1]","Published document","2019-05-16","https://esterotoday.com/agendajuly20161/","https://esterotoday.com/wp-content/uploads/2019/05/AgendaJuly20161.pdf","","","AgendaJuly2016[1] AgendaJuly2016[1]"
"document","doc-489","AgendaAug2016[1]","Published document","2019-05-16","https://esterotoday.com/agendaaug20161/","https://esterotoday.com/wp-content/uploads/2019/05/AgendaAug20161.pdf","","","AgendaAug2016[1] AgendaAug2016[1]"
"document","doc-487","AgendaSept2016[1]","Published document","2019-05-16","https://esterotoday.com/agendasept20161/","https://esterotoday.com/wp-content/uploads/2019/05/AgendaSept20161.pdf","","","AgendaSept2016[1] AgendaSept2016[1]"
"document","doc-486","AgendaOct2016[1]","Published document","2019-05-16","https://esterotoday.com/agendaoct20161/","https://esterotoday.com/wp-content/uploads/2019/05/AgendaOct20161.pdf","","","AgendaOct2016[1] AgendaOct2016[1]"
"document","doc-484","Nov2016Agenda[1]","Published document","2019-05-16","https://esterotoday.com/nov2016agenda1/","https://esterotoday.com/wp-content/uploads/2019/05/Nov2016Agenda1.pdf","","","Nov2016Agenda[1] Nov2016Agenda[1]"
"document","doc-483","AgendaDec2016[1]","Published document","2019-05-16","https://esterotoday.com/agendadec20161/","https://esterotoday.com/wp-content/uploads/2019/05/AgendaDec20161.pdf","","","AgendaDec2016[1] AgendaDec2016[1]"
"document","doc-481","AgendaJan2017.doc[1]","Published document","2019-05-16","https://esterotoday.com/agendajan2017-doc1/","https://esterotoday.com/wp-content/uploads/2019/05/AgendaJan2017.doc1_.pdf","","","AgendaJan2017.doc[1] AgendaJan2017.doc[1]"
"document","doc-479","Feb2017Agenda[1]","Published document","2019-05-16","https://esterotoday.com/feb2017agenda1/","https://esterotoday.com/wp-content/uploads/2019/05/Feb2017Agenda1.pdf","","","Feb2017Agenda[1] Feb2017Agenda[1]"
"document","doc-478","AgendaMar2017[1]","Published document","2019-05-16","https://esterotoday.com/agendamar20171/","https://esterotoday.com/wp-content/uploads/2019/05/AgendaMar20171.pdf","","","AgendaMar2017[1] AgendaMar2017[1]"
"document","doc-477","AgendaApril2017[1]","Published document","2019-05-16","https://esterotoday.com/agendaapril20171/","https://esterotoday.com/wp-content/uploads/2019/05/AgendaApril20171.pdf","","","AgendaApril2017[1] AgendaApril2017[1]"
"document","doc-476","AgendaMay20171[1]","Published document","2019-05-16","https://esterotoday.com/agendamay201711/","https://esterotoday.com/wp-content/uploads/2019/05/AgendaMay201711.pdf","","","AgendaMay20171[1] AgendaMay20171[1]"
"document","doc-473","AgendaJune2017[1]","Published document","2019-05-16","https://esterotoday.com/agendajune20171/","https://esterotoday.com/wp-content/uploads/2019/05/AgendaJune20171.pdf","","","AgendaJune2017[1] AgendaJune2017[1]"
"document","doc-472","AgendaJuly2017[1]","Published document","2019-05-16","https://esterotoday.com/agendajuly20171/","https://esterotoday.com/wp-content/uploads/2019/05/AgendaJuly20171.pdf","","","AgendaJuly2017[1] AgendaJuly2017[1]"
"document","doc-471","AgendaAug2017[1]","Published document","2019-05-16","https://esterotoday.com/agendaaug20171/","https://esterotoday.com/wp-content/uploads/2019/05/AgendaAug20171.pdf","","","AgendaAug2017[1] AgendaAug2017[1]"
"document","doc-470","AgendaOct2017[1]","Published document","2019-05-16","https://esterotoday.com/agendaoct20171/","https://esterotoday.com/wp-content/uploads/2019/05/AgendaOct20171.pdf","","","AgendaOct2017[1] AgendaOct2017[1]"
"document","doc-468","AgendaNov2017[1]","Published document","2019-05-16","https://esterotoday.com/agendanov20171/","https://esterotoday.com/wp-content/uploads/2019/05/AgendaNov20171.pdf","","","AgendaNov2017[1] AgendaNov2017[1]"
"document","doc-467","AgendaDec2017[1]","Published document","2019-05-16","https://esterotoday.com/agendadec20171/","https://esterotoday.com/wp-content/uploads/2019/05/AgendaDec20171.pdf","","","AgendaDec2017[1] AgendaDec2017[1]"
"document","doc-466","AgendaJan2018[1]","Published document","2019-05-16","https://esterotoday.com/agendajan20181/","https://esterotoday.com/wp-content/uploads/2019/05/AgendaJan20181.pdf","","","AgendaJan2018[1] AgendaJan2018[1]"
"document","doc-465","AgendaFeb2018[1]","Published document","2019-05-16","https://esterotoday.com/agendafeb20181/","https://esterotoday.com/wp-content/uploads/2019/05/AgendaFeb20181.pdf","","","AgendaFeb2018[1] AgendaFeb2018[1]"
"document","doc-464","AgendaMarch2018[1]","Published document","2019-05-16","https://esterotoday.com/agendamarch20181/","https://esterotoday.com/wp-content/uploads/2019/05/AgendaMarch20181.pdf","","","AgendaMarch2018[1] AgendaMarch2018[1]"
"document","doc-462","AgendaApr2018[1]","Published document","2019-05-16","https://esterotoday.com/agendaapr20181/","https://esterotoday.com/wp-content/uploads/2019/05/AgendaApr20181.pdf","","","AgendaApr2018[1] AgendaApr2018[1]"
"document","doc-460","AgendaMay2018[1]","Published document","2019-05-16","https://esterotoday.com/agendamay20181/","https://esterotoday.com/wp-content/uploads/2019/05/AgendaMay20181.pdf","","","AgendaMay2018[1] AgendaMay2018[1]"
"document","doc-459","AgendaJune2018[1]","Published document","2019-05-16","https://esterotoday.com/agendajune20181/","https://esterotoday.com/wp-content/uploads/2019/05/AgendaJune20181.pdf","","","AgendaJune2018[1] AgendaJune2018[1]"
"document","doc-457","AgendaJuly2018[1]","Published document","2019-05-16","https://esterotoday.com/agendajuly20181/","https://esterotoday.com/wp-content/uploads/2019/05/AgendaJuly20181.pdf","","","AgendaJuly2018[1] AgendaJuly2018[1]"
"document","doc-456","AgendaAugust2018[1]","Published document","2019-05-16","https://esterotoday.com/agendaaugust20181/","https://esterotoday.com/wp-content/uploads/2019/05/AgendaAugust20181.pdf","","","AgendaAugust2018[1] AgendaAugust2018[1]"
"document","doc-454","SeptAgenda2018[1]","Published document","2019-05-16","https://esterotoday.com/septagenda20181/","https://esterotoday.com/wp-content/uploads/2019/05/SeptAgenda20181.pdf","","","SeptAgenda2018[1] SeptAgenda2018[1]"
"document","doc-453","AgendaOct2018[1]","Published document","2019-05-16","https://esterotoday.com/agendaoct20181/","https://esterotoday.com/wp-content/uploads/2019/05/AgendaOct20181.pdf","","","AgendaOct2018[1] AgendaOct2018[1]"
"document","doc-451","AgendaNov2018[1]","Published document","2019-05-16","https://esterotoday.com/agendanov20181/","https://esterotoday.com/wp-content/uploads/2019/05/AgendaNov20181.pdf","","","AgendaNov2018[1] AgendaNov2018[1]"
"document","doc-450","AgendaDec2018[1]","Published document","2019-05-16","https://esterotoday.com/agendadec20181/","https://esterotoday.com/wp-content/uploads/2019/05/AgendaDec20181.pdf","","","AgendaDec2018[1] AgendaDec2018[1]"
"document","doc-449","AgendaJan2019[1]","Published document","2019-05-16","https://esterotoday.com/agendajan20191/","https://esterotoday.com/wp-content/uploads/2019/05/AgendaJan20191.pdf","","","AgendaJan2019[1] AgendaJan2019[1]"
"document","doc-448","AgendaFeb2019[1]","Published document","2019-05-16","https://esterotoday.com/agendafeb20191/","https://esterotoday.com/wp-content/uploads/2019/05/AgendaFeb20191.pdf","","","AgendaFeb2019[1] AgendaFeb2019[1]"
"document","doc-447","AgendaMar2019[1]","Published document","2019-05-16","https://esterotoday.com/agendamar20191/","https://esterotoday.com/wp-content/uploads/2019/05/AgendaMar20191.pdf","","","AgendaMar2019[1] AgendaMar2019[1]"
"document","doc-446","AgendaApr2019[1]","Published document","2019-05-16","https://esterotoday.com/agendaapr20191/","https://esterotoday.com/wp-content/uploads/2019/05/AgendaApr20191.pdf","","","AgendaApr2019[1] AgendaApr2019[1]"
"document","doc-445","AgendaMay2019[1]","Published document","2019-05-16","https://esterotoday.com/agendamay20191/","https://esterotoday.com/wp-content/uploads/2019/05/AgendaMay20191.pdf","","","AgendaMay2019[1] AgendaMay2019[1]"
"document","doc-17424","census101 (3)","Published document","2019-03-29","https://esterotoday.com/census101-3/","https://esterotoday.com/wp-content/uploads/2019/03/census101-3.pdf","","","census101 (3) census101 (3)"
"document","doc-16723","Relevant Estero Sign Code Provisions 12-6-18","Published document","2018-12-07","https://esterotoday.com/relevant-estero-sign-code-provisions-12-6-18/","https://esterotoday.com/wp-content/uploads/2018/12/Relevant-Estero-Sign-Code-Provisions-12-6-18.pdf","","","Relevant Estero Sign Code Provisions 12-6-18 Relevant Estero Sign Code Provisions 12-6-18"
"document","doc-16530","Lee Health Mobile App","Published document","2018-10-22","https://esterotoday.com/lee-health-mobile-app/","https://esterotoday.com/wp-content/uploads/2018/10/Lee-Health-Mobile-App.pdf","","","Lee Health Mobile App Lee Health Mobile App"
"document","doc-15847","News Press Conservancy Commentary…6-10-18","Published document","2018-06-12","https://esterotoday.com/news-press-conservancy-commentary-6-10-18/","https://esterotoday.com/wp-content/uploads/2018/06/News-Press-Conservancy-Commentary...6-10-18.pdf","","","News Press Conservancy Commentary…6-10-18 News Press Conservancy Commentary...6-10-18"
"document","doc-15627","LEE HEALTH June 1","Published document","2018-06-01","https://esterotoday.com/lee-health-june-1/","https://esterotoday.com/wp-content/uploads/2018/06/LEE-HEALTH-June-1.pdf","","","LEE HEALTH June 1 LEE HEALTH June 1"
"document","doc-14286","Executive Summary","Published document","2018-05-07","https://esterotoday.com/executive-summary-of-the-lee-health-con-application-4-23-18/","https://esterotoday.com/wp-content/uploads/2018/05/Executive-Summary-of-the-Lee-Health-CON-Application-4-23-18.pdf","","","Executive Summary Executive Summary"
"document","doc-14107","Official Notice from Hearing Examiner","Published document","2018-04-05","https://esterotoday.com/dci2016-00018-verdana-mpd_npo_se-lee-county_1/","https://esterotoday.com/wp-content/uploads/2018/04/DCI2016-00018-Verdana-MPD_NPO_SE-Lee-County_1.pdf","","","Official Notice from Hearing Examiner Official Notice from Hearing Examiner"
"document","doc-13940","Empowering Students for Success","Published document","2018-03-05","https://esterotoday.com/empowering-students-for-success/","https://esterotoday.com/wp-content/uploads/2018/03/Empowering-Students-for-Success.pdf","","","Empowering Students for Success Empowering Students for Success"
"document","doc-13513","Balance Sheet 12.31.17","Published document","2018-01-08","https://esterotoday.com/balance-sheet-12-31-17/","https://esterotoday.com/wp-content/uploads/2018/01/Balance-Sheet-12.31.17.pdf","","","Balance Sheet 12.31.17 Balance Sheet 12.31.17"
"document","doc-13060","EDROct2017","Published document","2017-11-01","https://esterotoday.com/edroct2017/","https://esterotoday.com/wp-content/uploads/2017/11/EDROct2017.pdf","","","EDROct2017 EDROct2017"
"document","doc-12429","Attachment A, Scope of Work With Title","Published document","2017-07-10","https://esterotoday.com/attachment-a-scope-of-work-with-title/","https://esterotoday.com/wp-content/uploads/2017/07/Attachment-A-Scope-of-Work-With-Title.pdf","","","Attachment A, Scope of Work With Title Attachment A, Scope of Work With Title"
"document","doc-12255","Formatted Estero Development Report May 2017 6-1-17","Published document","2017-06-05","https://esterotoday.com/formatted-estero-development-report-may-2017-6-1-17/","https://esterotoday.com/wp-content/uploads/2017/06/Formatted-Estero-Development-Report-May-2017-6-1-17.pdf","","","Formatted Estero Development Report May 2017 6-1-17 Formatted Estero Development Report May 2017 6-1-17"
"document","doc-12254","Formatted Estero Development Report April 2017…5-4-17","Published document","2017-06-05","https://esterotoday.com/formatted-estero-development-report-april-2017-5-4-17/","https://esterotoday.com/wp-content/uploads/2017/06/Formatted-Estero-Development-Report-April-2017...5-4-17.pdf","","","Formatted Estero Development Report April 2017…5-4-17 Formatted Estero Development Report April 2017...5-4-17"
"document","doc-12253","Comp Plan Discussion Pints for 2-23-17 PZB","Published document","2017-06-05","https://esterotoday.com/comp-plan-discussion-pints-for-2-23-17-pzb/","https://esterotoday.com/wp-content/uploads/2017/06/Comp-Plan-Discussion-Pints-for-2-23-17-PZB.pdf","","","Comp Plan Discussion Pints for 2-23-17 PZB Comp Plan Discussion Pints for 2-23-17 PZB"
"document","doc-11610","ECCL_Presentation","Published document","2017-05-08","https://esterotoday.com/eccl_presentation/","https://esterotoday.com/wp-content/uploads/2013/12/ECCL_Presentation.pdf","","","ECCL_Presentation ECCL_Presentation"
"document","doc-11602","Bonita_DRGR_-_Presentation_ECCL_-_11-8-13","Published document","2017-05-08","https://esterotoday.com/bonita_drgr_-_presentation_eccl_-_11-8-13/","https://esterotoday.com/wp-content/uploads/2014/01/Bonita_DRGR_-_Presentation_ECCL_-_11-8-13.pdf","","","Bonita_DRGR_-_Presentation_ECCL_-_11-8-13 Bonita_DRGR_-_Presentation_ECCL_-_11-8-13"
"document","doc-11583","water-land-conservation","Published document","2017-05-08","https://esterotoday.com/water-land-conservation/","https://esterotoday.com/wp-content/uploads/2014/01/water-land-conservation.pdf","","","water-land-conservation water-land-conservation"
"document","doc-11276","ExeSumJan2014","Published document","2017-05-01","https://esterotoday.com/exesumjan2014-2/","https://esterotoday.com/wp-content/uploads/2014/01/ExeSumJan2014.pdf","","","ExeSumJan2014 ExeSumJan2014"
"document","doc-11201","11026-ECPP Workshop-ECP Presentation (Post Workshop Assessed with Summary)_v2014-04-21a","Published document","2017-04-27","https://esterotoday.com/11026-ecpp-workshop-ecp-presentation-post-workshop-assessed-with-summary_v2014-04-21a/","https://esterotoday.com/wp-content/uploads/2014/05/11026-ECPP-Workshop-ECP-Presentation-Post-Workshop-Assessed-with-Summary_v2014-04-21a.pdf","","","11026-ECPP Workshop-ECP Presentation (Post Workshop Assessed with Summary)_v2014-04-21a 11026-ECPP Workshop-ECP Presentation (Post Workshop Assessed with Summary)_v2014-04-21a"
"document","doc-11197","CP DRA Tract 1B_3 Retail Sales Center FINAL Review 2014-05-12","Published document","2017-04-27","https://esterotoday.com/cp-dra-tract-1b_3-retail-sales-center-final-review-2014-05-12-2/","https://esterotoday.com/wp-content/uploads/2014/05/CP-DRA-Tract-1B_3-Retail-Sales-Center-FINAL-Review-2014-05-12-1.pdf","","","CP DRA Tract 1B_3 Retail Sales Center FINAL Review 2014-05-12 CP DRA Tract 1B_3 Retail Sales Center FINAL Review 2014-05-12"
"document","doc-11196","CP DRA Tract 1B_3 Retail Sales Center FINAL Review 2014-05-12","Published document","2017-04-27","https://esterotoday.com/cp-dra-tract-1b_3-retail-sales-center-final-review-2014-05-12/","https://esterotoday.com/wp-content/uploads/2014/05/CP-DRA-Tract-1B_3-Retail-Sales-Center-FINAL-Review-2014-05-12.pdf","","","CP DRA Tract 1B_3 Retail Sales Center FINAL Review 2014-05-12 CP DRA Tract 1B_3 Retail Sales Center FINAL Review 2014-05-12"
"document","doc-11195","Hertz Retail Sales Center – Arch Plans (1)","Published document","2017-04-27","https://esterotoday.com/hertz-retail-sales-center-arch-plans-1/","https://esterotoday.com/wp-content/uploads/2014/05/Hertz-Retail-Sales-Center-Arch-Plans-1.pdf","","","Hertz Retail Sales Center – Arch Plans (1) Hertz Retail Sales Center - Arch Plans (1)"
"document","doc-11193","Hertz Retail Sales Center – Civil Plans","Published document","2017-04-27","https://esterotoday.com/hertz-retail-sales-center-civil-plans/","https://esterotoday.com/wp-content/uploads/2014/05/Hertz-Retail-Sales-Center-Civil-Plans.pdf","","","Hertz Retail Sales Center – Civil Plans Hertz Retail Sales Center - Civil Plans"
"document","doc-11156","LPV_lettter_of_support_to_LPA_members_6-14-14","Published document","2017-04-26","https://esterotoday.com/lpv_lettter_of_support_to_lpa_members_6-14-14/","https://esterotoday.com/wp-content/uploads/2014/07/LPV_lettter_of_support_to_LPA_members_6-14-14.pdf","","","LPV_lettter_of_support_to_LPA_members_6-14-14 LPV_lettter_of_support_to_LPA_members_6-14-14"
"document","doc-11147","Workshop8-21-14","Published document","2017-04-26","https://esterotoday.com/workshop8-21-14/","https://esterotoday.com/wp-content/uploads/2014/08/Workshop8-21-14.pdf","","","Workshop8-21-14 Workshop8-21-14"
"document","doc-10786","SW-FL-Freight-Summit-Announcement","Published document","2017-04-20","https://esterotoday.com/sw-fl-freight-summit-announcement-2/","https://esterotoday.com/wp-content/uploads/2015/09/SW-FL-Freight-Summit-Announcement.pdf","","","SW-FL-Freight-Summit-Announcement SW-FL-Freight-Summit-Announcement"
"document","doc-10783","He-helped-invent-the-town-of-Estero-_-Florida-Weekly","Published document","2017-04-20","https://esterotoday.com/he-helped-invent-the-town-of-estero-_-florida-weekly-2/","https://esterotoday.com/wp-content/uploads/2015/10/He-helped-invent-the-town-of-Estero-_-Florida-Weekly.pdf","","","He-helped-invent-the-town-of-Estero-_-Florida-Weekly He-helped-invent-the-town-of-Estero-_-Florida-Weekly"
"document","doc-10614","EDRC-Meeting Minutes_2010-11-10","Published document","2017-04-17","https://esterotoday.com/edrc-meeting-minutes_2010-11-10-2/","https://esterotoday.com/wp-content/uploads/2016/02/EDRC-Meeting-Minutes_2010-11-10.pdf","","","EDRC-Meeting Minutes_2010-11-10 EDRC-Meeting Minutes_2010-11-10"
"document","doc-10416","ExecutiveSummary121313","Published document","2017-04-17","https://esterotoday.com/executivesummary121313/","https://esterotoday.com/wp-content/uploads/2014/01/ExecutiveSummary121313.pdf","","","ExecutiveSummary121313 ExecutiveSummary121313"
"document","doc-10413","ExeSum110813","Published document","2017-04-17","https://esterotoday.com/exesum110813/","https://esterotoday.com/wp-content/uploads/2014/01/ExeSum110813.pdf","","","ExeSum110813 ExeSum110813"
"document","doc-10408","ExeSum101113","Published document","2017-04-17","https://esterotoday.com/exesum101113/","https://esterotoday.com/wp-content/uploads/2014/01/ExeSum101113.pdf","","","ExeSum101113 ExeSum101113"
"document","doc-10395","ExeSum080913","Published document","2017-04-17","https://esterotoday.com/exesum080913/","https://esterotoday.com/wp-content/uploads/2014/01/ExeSum080913.pdf","","","ExeSum080913 ExeSum080913"
"document","doc-10370","ExecSum41213","Published document","2017-04-17","https://esterotoday.com/execsum41213/","https://esterotoday.com/wp-content/uploads/2014/01/ExecSum41213.pdf","","","ExecSum41213 ExecSum41213"
"document","doc-10292","AgendaOct2016-1","Published document","2017-04-14","https://esterotoday.com/agendaoct2016-1/","https://esterotoday.com/wp-content/uploads/2016/10/AgendaOct2016-1.pdf","","","AgendaOct2016-1 AgendaOct2016-1"
"document","doc-10212","Village of Estero Building Permit Report (October 1st through October 31st, 2016)","Published document","2017-04-13","https://esterotoday.com/village-of-estero-building-permit-report-october-1st-through-october-31st-2016/","https://esterotoday.com/wp-content/uploads/2016/12/Village-of-Estero-Building-Permit-Report-October-1st-through-October-31st-2016.pdf","","","Village of Estero Building Permit Report (October 1st through October 31st, 2016) Village of Estero Building Permit Report (October 1st through October 31st, 2016)"
"document","doc-8616","Locations-Updated","Published document","2017-04-06","https://esterotoday.com/locations-updated/","https://esterotoday.com/wp-content/uploads/2017/04/Locations-Updated.pdf","","","Locations-Updated Locations-Updated"
"document","doc-9515","Village-of-Estero-Presentation-05-14-2014","Published document","2017-03-16","https://esterotoday.com/village-of-estero-presentation-05-14-2014/","https://esterotoday.com/wp-content/uploads/2017/03/Village-of-Estero-Presentation-05-14-2014.pdf","","","Village-of-Estero-Presentation-05-14-2014 Village-of-Estero-Presentation-05-14-2014"
"document","doc-9505","VacantCommercialLand","Published document","2017-03-16","https://esterotoday.com/vacantcommercialland/","https://esterotoday.com/wp-content/uploads/2017/03/VacantCommercialLand.pdf","","","VacantCommercialLand VacantCommercialLand"
"document","doc-9503","UrbanPlace","Published document","2017-03-16","https://esterotoday.com/urbanplace/","https://esterotoday.com/wp-content/uploads/2017/03/UrbanPlace.pdf","","","UrbanPlace UrbanPlace"
"document","doc-9500","Transportation-Comm-Meeting-Agenda-7-8-15","Published document","2017-03-16","https://esterotoday.com/transportation-comm-meeting-agenda-7-8-15/","https://esterotoday.com/wp-content/uploads/2017/03/Transportation-Comm-Meeting-Agenda-7-8-15.pdf","","","Transportation-Comm-Meeting-Agenda-7-8-15 Transportation-Comm-Meeting-Agenda-7-8-15"
"document","doc-9496","Three-ways-you-can-vote-in-the-Aug-26th-election","Published document","2017-03-16","https://esterotoday.com/three-ways-you-can-vote-in-the-aug-26th-election/","https://esterotoday.com/wp-content/uploads/2017/03/Three-ways-you-can-vote-in-the-Aug-26th-election.pdf","","","Three-ways-you-can-vote-in-the-Aug-26th-election Three-ways-you-can-vote-in-the-Aug-26th-election"
"document","doc-9489","Sustainablity_Chair_Memo_to_BoCC_6-2-14","Published document","2017-03-16","https://esterotoday.com/sustainablity_chair_memo_to_bocc_6-2-14/","https://esterotoday.com/wp-content/uploads/2017/03/Sustainablity_Chair_Memo_to_BoCC_6-2-14.pdf","","","Sustainablity_Chair_Memo_to_BoCC_6-2-14 Sustainablity_Chair_Memo_to_BoCC_6-2-14"
"document","doc-9486","Suggested-Opposition-Comments-for-6-27-meeting","Published document","2017-03-16","https://esterotoday.com/suggested-opposition-comments-for-6-27-meeting/","https://esterotoday.com/wp-content/uploads/2017/03/Suggested-Opposition-Comments-for-6-27-meeting.pdf","","","Suggested-Opposition-Comments-for-6-27-meeting Suggested-Opposition-Comments-for-6-27-meeting"
"document","doc-9481","Staff-Report-Coconut-Point-Tract-1-A-11-3-16","Published document","2017-03-16","https://esterotoday.com/staff-report-coconut-point-tract-1-a-11-3-16/","https://esterotoday.com/wp-content/uploads/2017/03/Staff-Report-Coconut-Point-Tract-1-A-11-3-16.pdf","","","Staff-Report-Coconut-Point-Tract-1-A-11-3-16 Staff-Report-Coconut-Point-Tract-1-A-11-3-16"
"document","doc-9474","Short-Term-Transportation-Concerns-6-15-15","Published document","2017-03-16","https://esterotoday.com/short-term-transportation-concerns-6-15-15/","https://esterotoday.com/wp-content/uploads/2017/03/Short-Term-Transportation-Concerns-6-15-15.pdf","","","Short-Term-Transportation-Concerns-6-15-15 Short-Term-Transportation-Concerns-6-15-15"
"document","doc-9464","Response-To-Motion-to-Dismiss…1-29-16","Published document","2017-03-16","https://esterotoday.com/response-to-motion-to-dismiss-1-29-16/","https://esterotoday.com/wp-content/uploads/2017/03/Response-To-Motion-to-Dismiss...1-29-16.pdf","","","Response-To-Motion-to-Dismiss…1-29-16 Response-To-Motion-to-Dismiss...1-29-16"
"document","doc-9433","PPT-for-Feb-10_2017_Hecker","Published document","2017-03-16","https://esterotoday.com/ppt-for-feb-10_2017_hecker/","https://esterotoday.com/wp-content/uploads/2017/03/PPT-for-Feb-10_2017_Hecker.pdf","","","PPT-for-Feb-10_2017_Hecker PPT-for-Feb-10_2017_Hecker"
"document","doc-10010","postcard-front-and-back","Published document","2017-03-16","https://esterotoday.com/postcard-front-and-back/","https://esterotoday.com/wp-content/uploads/2017/03/postcard-front-and-back.pdf","","","postcard-front-and-back postcard-front-and-back"
"document","doc-9425","Oct2016ECCLReport","Published document","2017-03-16","https://esterotoday.com/oct2016ecclreport/","https://esterotoday.com/wp-content/uploads/2017/03/Oct2016ECCLReport.pdf","","","Oct2016ECCLReport Oct2016ECCLReport"
"document","doc-9421","November-Healthy-Life-Center-Calendar","Published document","2017-03-16","https://esterotoday.com/november-healthy-life-center-calendar-2/","https://esterotoday.com/wp-content/uploads/2017/03/November-Healthy-Life-Center-Calendar.pdf","","","November-Healthy-Life-Center-Calendar November-Healthy-Life-Center-Calendar"
"document","doc-9411","News-Press-article-on-9-25-Workshop-9-26-14","Published document","2017-03-16","https://esterotoday.com/news-press-article-on-9-25-workshop-9-26-14/","https://esterotoday.com/wp-content/uploads/2017/03/News-Press-article-on-9-25-Workshop-9-26-14.pdf","","","News-Press-article-on-9-25-Workshop-9-26-14 News-Press-article-on-9-25-Workshop-9-26-14"
"document","doc-9386","MPO_June2014","Published document","2017-03-16","https://esterotoday.com/mpo_june2014/","https://esterotoday.com/wp-content/uploads/2017/03/MPO_June2014.pdf","","","MPO_June2014 MPO_June2014"
"document","doc-9407","Nathan-Letter-to-public-8-26-15","Published document","2017-03-16","https://esterotoday.com/nathan-letter-to-public-8-26-15/","https://esterotoday.com/wp-content/uploads/2017/03/Nathan-Letter-to-public-8-26-15.pdf","","","Nathan-Letter-to-public-8-26-15 Nathan-Letter-to-public-8-26-15"
"document","doc-9405","NDN-Board-Approves-Arch-and-Cons-mgr…10-23-15","Published document","2017-03-16","https://esterotoday.com/ndn-board-approves-arch-and-cons-mgr-10-23-15/","https://esterotoday.com/wp-content/uploads/2017/03/NDN-Board-Approves-Arch-and-Cons-mgr...10-23-15.pdf","","","NDN-Board-Approves-Arch-and-Cons-mgr…10-23-15 NDN-Board-Approves-Arch-and-Cons-mgr...10-23-15"
"document","doc-9406","Naples-Daily-News-article-on-9-25-workshop-9-26-14","Published document","2017-03-16","https://esterotoday.com/naples-daily-news-article-on-9-25-workshop-9-26-14/","https://esterotoday.com/wp-content/uploads/2017/03/Naples-Daily-News-article-on-9-25-workshop-9-26-14.pdf","","","Naples-Daily-News-article-on-9-25-workshop-9-26-14 Naples-Daily-News-article-on-9-25-workshop-9-26-14"
"document","doc-9348","LPV_BoCC_Qaire_Responses_140722","Published document","2017-03-16","https://esterotoday.com/lpv_bocc_qaire_responses_140722/","https://esterotoday.com/wp-content/uploads/2017/03/LPV_BoCC_Qaire_Responses_140722.pdf","","","LPV_BoCC_Qaire_Responses_140722 LPV_BoCC_Qaire_Responses_140722"
"document","doc-9349","LPV_Sustainability_Letter_6-9-14_1","Published document","2017-03-16","https://esterotoday.com/lpv_sustainability_letter_6-9-14_1/","https://esterotoday.com/wp-content/uploads/2017/03/LPV_Sustainability_Letter_6-9-14_1.pdf","","","LPV_Sustainability_Letter_6-9-14_1 LPV_Sustainability_Letter_6-9-14_1"
"document","doc-9347","LMHSEventsOct2016","Published document","2017-03-16","https://esterotoday.com/lmhseventsoct2016/","https://esterotoday.com/wp-content/uploads/2017/03/LMHSEventsOct2016.pdf","","","LMHSEventsOct2016 LMHSEventsOct2016"
"document","doc-9341","LMHS-Update-for-No.-11…-10-29-15","Published document","2017-03-16","https://esterotoday.com/lmhs-update-for-no-11-10-29-15/","https://esterotoday.com/wp-content/uploads/2017/03/LMHS-Update-for-No.-11...-10-29-15.pdf","","","LMHS-Update-for-No.-11…-10-29-15 LMHS-Update-for-No.-11...-10-29-15"
"document","doc-9340","LMHS-Statement-re-Court-Arbitration-Decision-7-17-15","Published document","2017-03-16","https://esterotoday.com/lmhs-statement-re-court-arbitration-decision-7-17-15/","https://esterotoday.com/wp-content/uploads/2017/03/LMHS-Statement-re-Court-Arbitration-Decision-7-17-15.pdf","","","LMHS-Statement-re-Court-Arbitration-Decision-7-17-15 LMHS-Statement-re-Court-Arbitration-Decision-7-17-15"
"document","doc-9339","LMHS-Coconut-Mall-announcement-8-14-15","Published document","2017-03-16","https://esterotoday.com/lmhs-coconut-mall-announcement-8-14-15/","https://esterotoday.com/wp-content/uploads/2017/03/LMHS-Coconut-Mall-announcement-8-14-15.pdf","","","LMHS-Coconut-Mall-announcement-8-14-15 LMHS-Coconut-Mall-announcement-8-14-15"
"document","doc-9342","LMHS-at-CP-vison-summary-final-4-22-15","Published document","2017-03-16","https://esterotoday.com/lmhs-at-cp-vison-summary-final-4-22-15/","https://esterotoday.com/wp-content/uploads/2017/03/LMHS-at-CP-vison-summary-final-4-22-15.pdf","","","LMHS-at-CP-vison-summary-final-4-22-15 LMHS-at-CP-vison-summary-final-4-22-15"
"document","doc-9351","Lee-Health-Coconut-Point-Board-Presentation-11-17-16-update","Published document","2017-03-16","https://esterotoday.com/lee-health-coconut-point-board-presentation-11-17-16-update/","https://esterotoday.com/wp-content/uploads/2017/03/Lee-Health-Coconut-Point-Board-Presentation-11-17-16-update.pdf","","","Lee-Health-Coconut-Point-Board-Presentation-11-17-16-update Lee-Health-Coconut-Point-Board-Presentation-11-17-16-update"
"document","doc-9352","Lee-Memorial-Project-Moving-Forward-2…5-11-15","Published document","2017-03-16","https://esterotoday.com/lee-memorial-project-moving-forward-2-5-11-15/","https://esterotoday.com/wp-content/uploads/2017/03/Lee-Memorial-Project-Moving-Forward-2...5-11-15.pdf","","","Lee-Memorial-Project-Moving-Forward-2…5-11-15 Lee-Memorial-Project-Moving-Forward-2...5-11-15"
"document","doc-9302","Humphery_Endorse","Published document","2017-03-16","https://esterotoday.com/humphery_endorse/","https://esterotoday.com/wp-content/uploads/2017/03/Humphery_Endorse.pdf","","","Humphery_Endorse Humphery_Endorse"
"document","doc-9289","HLcenter.febcal","Published document","2017-03-16","https://esterotoday.com/hlcenter-febcal/","https://esterotoday.com/wp-content/uploads/2017/03/HLcenter.febcal.pdf","","","HLcenter.febcal HLcenter.febcal"
"document","doc-9287","HLC.junecal","Published document","2017-03-16","https://esterotoday.com/hlc-junecal/","https://esterotoday.com/wp-content/uploads/2017/03/HLC.junecal.pdf","","","HLC.junecal HLC.junecal"
"document","doc-9291","HealthGrades","Published document","2017-03-16","https://esterotoday.com/healthgrades/","https://esterotoday.com/wp-content/uploads/2017/03/HealthGrades.pdf","","","HealthGrades HealthGrades"
"document","doc-9293","Healthcare-Alert-12-press-release","Published document","2017-03-16","https://esterotoday.com/healthcare-alert-12-press-release/","https://esterotoday.com/wp-content/uploads/2017/03/Healthcare-Alert-12-press-release.pdf","","","Healthcare-Alert-12-press-release Healthcare-Alert-12-press-release"
"document","doc-9817","hanson","Published document","2017-03-16","https://esterotoday.com/hanson/","https://esterotoday.com/wp-content/uploads/2017/03/hanson.pdf","","","hanson hanson"
"document","doc-9276","Genova.parks_","Published document","2017-03-16","https://esterotoday.com/genova-parks_/","https://esterotoday.com/wp-content/uploads/2017/03/Genova.parks_.pdf","","","Genova.parks_ Genova.parks_"
"document","doc-9274","Genova.backgrounder-1","Published document","2017-03-16","https://esterotoday.com/genova-backgrounder-1/","https://esterotoday.com/wp-content/uploads/2017/03/Genova.backgrounder-1.pdf","","","Genova.backgrounder-1 Genova.backgrounder-1"
"document","doc-9271","Freestanding-EDs-and-quality-outcomes-release-10-22-15","Published document","2017-03-16","https://esterotoday.com/freestanding-eds-and-quality-outcomes-release-10-22-15/","https://esterotoday.com/wp-content/uploads/2017/03/Freestanding-EDs-and-quality-outcomes-release-10-22-15.pdf","","","Freestanding-EDs-and-quality-outcomes-release-10-22-15 Freestanding-EDs-and-quality-outcomes-release-10-22-15"
"document","doc-9243","FFD_5-29-14","Published document","2017-03-16","https://esterotoday.com/ffd_5-29-14/","https://esterotoday.com/wp-content/uploads/2017/03/FFD_5-29-14.pdf","","","FFD_5-29-14 FFD_5-29-14"
"document","doc-9249","FactSheet-PlanAmendments","Published document","2017-03-16","https://esterotoday.com/factsheet-planamendments/","https://esterotoday.com/wp-content/uploads/2017/03/FactSheet-PlanAmendments.pdf","","","FactSheet-PlanAmendments FactSheet-PlanAmendments"
"document","doc-9232","ExeSumJan2015","Published document","2017-03-16","https://esterotoday.com/exesumjan2015/","https://esterotoday.com/wp-content/uploads/2017/03/ExeSumJan2015.pdf","","","ExeSumJan2015 ExeSumJan2015"
"document","doc-9240","ExecSumMay2014","Published document","2017-03-16","https://esterotoday.com/execsummay2014/","https://esterotoday.com/wp-content/uploads/2017/03/ExecSumMay2014.pdf","","","ExecSumMay2014 ExecSumMay2014"
"document","doc-9201","Estero-Community-Plan-Revised-Sept-2014","Published document","2017-03-16","https://esterotoday.com/estero-community-plan-revised-sept-2014/","https://esterotoday.com/wp-content/uploads/2017/03/Estero-Community-Plan-Revised-Sept-2014.pdf","","","Estero-Community-Plan-Revised-Sept-2014 Estero-Community-Plan-Revised-Sept-2014"
"document","doc-9184","EFR-Presentation-May-2014","Published document","2017-03-16","https://esterotoday.com/efr-presentation-may-2014/","https://esterotoday.com/wp-content/uploads/2017/03/EFR-Presentation-May-2014.pdf","","","EFR-Presentation-May-2014 EFR-Presentation-May-2014"
"document","doc-9149","EDRC-Meeting-Minutes_2014-05-21","Published document","2017-03-16","https://esterotoday.com/edrc-meeting-minutes_2014-05-21/","https://esterotoday.com/wp-content/uploads/2017/03/EDRC-Meeting-Minutes_2014-05-21.pdf","","","EDRC-Meeting-Minutes_2014-05-21 EDRC-Meeting-Minutes_2014-05-21"
"document","doc-9132","ECCL_Meeting_111414","Published document","2017-03-16","https://esterotoday.com/eccl_meeting_111414/","https://esterotoday.com/wp-content/uploads/2017/03/ECCL_Meeting_111414.pdf","","","ECCL_Meeting_111414 ECCL_Meeting_111414"
"document","doc-9116","ECCL.loverkey.skedmarch","Published document","2017-03-16","https://esterotoday.com/eccl-loverkey-skedmarch/","https://esterotoday.com/wp-content/uploads/2017/03/ECCL.loverkey.skedmarch.pdf","","","ECCL.loverkey.skedmarch ECCL.loverkey.skedmarch"
"document","doc-9109","ECCL.LMHS_.release","Published document","2017-03-16","https://esterotoday.com/eccl-lmhs_-release/","https://esterotoday.com/wp-content/uploads/2017/03/ECCL.LMHS_.release.pdf","","","ECCL.LMHS_.release ECCL.LMHS_.release"
"document","doc-9114","ECCL.koreshlink.2","Published document","2017-03-16","https://esterotoday.com/eccl-koreshlink-2/","https://esterotoday.com/wp-content/uploads/2017/03/ECCL.koreshlink.2.pdf","","","ECCL.koreshlink.2 ECCL.koreshlink.2"
"document","doc-9113","ECCL.bkgdr_.reply_","Published document","2017-03-16","https://esterotoday.com/eccl-bkgdr_-reply_/","https://esterotoday.com/wp-content/uploads/2017/03/ECCL.bkgdr_.reply_.pdf","","","ECCL.bkgdr_.reply_ ECCL.bkgdr_.reply_"
"document","doc-9058","December-2016-Calendar-Healthy-Life-Center","Published document","2017-03-16","https://esterotoday.com/december-2016-calendar-healthy-life-center/","https://esterotoday.com/wp-content/uploads/2017/03/December-2016-Calendar-Healthy-Life-Center.pdf","","","December-2016-Calendar-Healthy-Life-Center December-2016-Calendar-Healthy-Life-Center"
"document","doc-9019","Conservation2020may2013","Published document","2017-03-16","https://esterotoday.com/conservation2020may2013/","https://esterotoday.com/wp-content/uploads/2017/03/Conservation2020may2013.pdf","","","Conservation2020may2013 Conservation2020may2013"
"document","doc-9009","Commercial-Planning-in-Estero-9-25","Published document","2017-03-16","https://esterotoday.com/commercial-planning-in-estero-9-25/","https://esterotoday.com/wp-content/uploads/2017/03/Commercial-Planning-in-Estero-9-25.pdf","","","Commercial-Planning-in-Estero-9-25 Commercial-Planning-in-Estero-9-25"
"document","doc-9014","Comp-Plan-Presentation-12-13-16","Published document","2017-03-16","https://esterotoday.com/comp-plan-presentation-12-13-16/","https://esterotoday.com/wp-content/uploads/2017/03/Comp-Plan-Presentation-12-13-16.pdf","","","Comp-Plan-Presentation-12-13-16 Comp-Plan-Presentation-12-13-16"
"document","doc-9015","Complaint-stamped-filed-12-17-2015","Published document","2017-03-16","https://esterotoday.com/complaint-stamped-filed-12-17-2015/","https://esterotoday.com/wp-content/uploads/2017/03/Complaint-stamped-filed-12-17-2015.pdf","","","Complaint-stamped-filed-12-17-2015 Complaint-stamped-filed-12-17-2015"
"document","doc-9012","Community-Plan-report-1-20-15","Published document","2017-03-16","https://esterotoday.com/community-plan-report-1-20-15/","https://esterotoday.com/wp-content/uploads/2017/03/Community-Plan-report-1-20-15.pdf","","","Community-Plan-report-1-20-15 Community-Plan-report-1-20-15"
"document","doc-8990","ChowDownForRotary_Ad_2","Published document","2017-03-16","https://esterotoday.com/chowdownforrotary_ad_2/","https://esterotoday.com/wp-content/uploads/2017/03/ChowDownForRotary_Ad_2.pdf","","","ChowDownForRotary_Ad_2 ChowDownForRotary_Ad_2"
"document","doc-1098","BRCFinding_Recommendations","Published document","2017-03-16","https://esterotoday.com/brcfinding_recommendations/","https://esterotoday.com/wp-content/uploads/2017/03/BRCFinding_Recommendations.pdf","","","BRCFinding_Recommendations BRCFinding_Recommendations"
"document","doc-9552","bella-terra-072012","Published document","2017-03-16","https://esterotoday.com/bella-terra-072012/","https://esterotoday.com/wp-content/uploads/2017/03/bella-terra-072012.pdf","","","bella-terra-072012 bella-terra-072012"
"document","doc-1088","AmericanHouseCP","Published document","2017-03-16","https://esterotoday.com/americanhousecp/","https://esterotoday.com/wp-content/uploads/2017/03/AmericanHouseCP.pdf","","","AmericanHouseCP AmericanHouseCP"
"document","doc-1090","Approved_ECCL__Resolution_of_Support","Published document","2017-03-16","https://esterotoday.com/approved_eccl__resolution_of_support/","https://esterotoday.com/wp-content/uploads/2017/03/Approved_ECCL__Resolution_of_Support.pdf","","","Approved_ECCL__Resolution_of_Support Approved_ECCL__Resolution_of_Support"
"document","doc-1083","Amendment1-TalkingPoints020415","Published document","2017-03-16","https://esterotoday.com/amendment1-talkingpoints020415/","https://esterotoday.com/wp-content/uploads/2017/03/Amendment1-TalkingPoints020415.pdf","","","Amendment1-TalkingPoints020415 Amendment1-TalkingPoints020415"
"document","doc-1082","Alert-Consensus-workshop-9-25-14","Published document","2017-03-16","https://esterotoday.com/alert-consensus-workshop-9-25-14/","https://esterotoday.com/wp-content/uploads/2017/03/Alert-Consensus-workshop-9-25-14.pdf","","","Alert-Consensus-workshop-9-25-14 Alert-Consensus-workshop-9-25-14"
"document","doc-1081","AgendaOct2016","Published document","2017-03-16","https://esterotoday.com/agendaoct2016/","https://esterotoday.com/wp-content/uploads/2017/03/AgendaOct2016.pdf","","","AgendaOct2016 AgendaOct2016"
"document","doc-1042","3-EsteroCommunityPlanningInitiative-January2015","Published document","2017-03-16","https://esterotoday.com/3-esterocommunityplanninginitiative-january2015/","https://esterotoday.com/wp-content/uploads/2017/03/3-EsteroCommunityPlanningInitiative-January2015.pdf","","","3-EsteroCommunityPlanningInitiative-January2015 3-EsteroCommunityPlanningInitiative-January2015"
"document","doc-1018","2016-Vote-Yes-2020-4-Page-Brochure","Published document","2017-03-16","https://esterotoday.com/2016-vote-yes-2020-4-page-brochure/","https://esterotoday.com/wp-content/uploads/2017/03/2016-Vote-Yes-2020-4-Page-Brochure.pdf","","","2016-Vote-Yes-2020-4-Page-Brochure 2016-Vote-Yes-2020-4-Page-Brochure"
"document","doc-1011","2015-Priority-Concerns_5-23-15","Published document","2017-03-16","https://esterotoday.com/2015-priority-concerns_5-23-15/","https://esterotoday.com/wp-content/uploads/2017/03/2015-Priority-Concerns_5-23-15.pdf","","","2015-Priority-Concerns_5-23-15 2015-Priority-Concerns_5-23-15"
"document","doc-1010","2015-Priority-Concerns…5-23-15","Published document","2017-03-16","https://esterotoday.com/2015-priority-concerns-5-23-15/","https://esterotoday.com/wp-content/uploads/2017/03/2015-Priority-Concerns...5-23-15.pdf","","","2015-Priority-Concerns…5-23-15 2015-Priority-Concerns...5-23-15"
"document","doc-1001","2014_Election_-_Register_Now_to_Vote_in_Aug_and_Nov_6-24-14","Published document","2017-03-16","https://esterotoday.com/2014_election_-_register_now_to_vote_in_aug_and_nov_6-24-14/","https://esterotoday.com/wp-content/uploads/2017/03/2014_Election_-_Register_Now_to_Vote_in_Aug_and_Nov_6-24-14.pdf","","","2014_Election_-_Register_Now_to_Vote_in_Aug_and_Nov_6-24-14 2014_Election_-_Register_Now_to_Vote_in_Aug_and_Nov_6-24-14"
"document","doc-8168","EDRFeb2017","Published document","2017-03-01","https://esterotoday.com/edrfeb2017/","https://esterotoday.com/wp-content/uploads/2017/03/EDRFeb2017-1.pdf","","","EDRFeb2017 EDRFeb2017"
"document","doc-224352","Brooks Request for I-75 Wall","Published document","2026-09-01","https://esterotoday.com/brooks-request-for-i-75-wall/","https://esterotoday.com/wp-content/uploads/2026/09/Brooks-Request-for-I-75-Wall.pdf","","","Brooks Request for I-75 Wall Brooks Request for I-75 Wall"
"document","doc-224349","FDOT I-75 community comment form_2026-09-01_090257","Published document","2026-09-01","https://esterotoday.com/fdot-i-75-community-comment-form_2026-09-01_090257/","https://esterotoday.com/wp-content/uploads/2026/09/FDOT-I-75-community-comment-form_2026-09-01_090257.pdf","","","FDOT I-75 community comment form_2026-09-01_090257 FDOT I-75 community comment form_2026-09-01_090257"
"document","doc-224345","FDOT I-75 Meeting Brochure_2026-09-01_085633","Published document","2026-09-01","https://esterotoday.com/fdot-i-75-meeting-brochure_2026-09-01_085633/","https://esterotoday.com/wp-content/uploads/2026/09/FDOT-I-75-Meeting-Brochure_2026-09-01_085633.pdf","","","FDOT I-75 Meeting Brochure_2026-09-01_085633 FDOT I-75 Meeting Brochure_2026-09-01_085633"
